Node_ID,X,Y,Reward
1,33613.1588,86118.3061,75
2,33100.954,85529.6753,22
3,31571.8352,85250.4893,69
4,32070.4299,85687.7257,36
5,33290.3926,87198.053,56
6,33356.2217,86806.9333,88
7,32105.4238,86276.3547,97
8,32609.0206,86311.0828,75
9,33883.9885,86644.7135,100
10,32121.5366,87906.1227,13
11,32876.5165,87742.5105,40
12,34022.3194,86045.5285,80
13,31126.2925,85072.4294,18
14,31277.9473,86125.7796,65
15,34267.5937,86208.8669,90
16,33638.9941,86965.2734,82
17,33707.0527,87241.9462,89
18,32944.012,85953.8532,36
19,34178.984,85512.1818,35
20,33129.5681,88151.4166,55
21,31936.8156,87053.318,49
22,30702.9675,88078.8886,35
23,32490.969,87660.8407,75
24,32480.9714,85562.1727,33
25,34694.2587,88110.3182,33
26,33114.563,86879.1562,66
27,33348.722,86238.5859,64
28,33579.2704,86637.487,82
29,34026.2082,86326.0923,83
30,33737.886,87252.5024,67
31,34071.2081,85921.359,42
32,32052.9256,87570.8342,30
33,31886.2644,86115.7906,12
34,31385.7228,86383.0123,96
35,31759.0481,85889.1149,39
36,34230.6496,85638.0189,10
37,31221.0066,87121.3622,24
38,34830.3643,87485.3023,90
39,31968.2064,88146.6822,54
40,31141.5693,85151.3196,43
41,31175.7331,85360.2108,32
42,34992.0292,86846.9471,94
43,33801.4945,87116.9459,93
44,33905.1027,86962.5006,83
45,33882.0433,86524.7095,49
46,32239.5907,85657.7274,93
47,31511.8345,85545.2156,15
48,34620.9198,86165.5374,55
49,34802.8661,86971.6741,41
50,31023.7921,87493.8708,51
51,34360.6537,87995.0366,22
52,32434.0249,86654.7019,34
53,33343.1705,85478.0085,81
54,31621.548,86701.3606,54
55,31189.3444,85286.0437,81
56,33521.7717,86778.045,79
57,31837.93,86948.8708,58
58,30929.9052,88027.2209,56
59,31279.6139,86325.5085,71
60,33755.6599,87001.665,41
61,34895.6408,87571.4145,86
62,34262.3179,86612.7712,41
63,34163.7082,86659.7169,73
64,31163.7872,85635.4893,49
65,34189.266,86916.9483,29
66,31417.6722,85227.4324,33
67,34058.7093,85808.0229,62
68,33776.775,87301.1153,88
69,31815.1585,85843.0034,16
70,32299.5852,86196.3537,21
71,33361.2239,85715.7931,97
72,31467.9494,85118.8189,59
73,33716.2181,87158.6115,33
74,30424.9194,87879.4366,47
75,31192.1208,85420.7668,60
76,34738.701,87891.1457,58
77,31659.6042,88234.7338,85
78,31971.2631,87861.3968,70
79,31341.5568,86130.7808,78
80,31261.0051,85889.9382,85
81,34952.8584,85708.3041,19
82,30882.9628,87773.0474,63
83,33558.7173,86973.6057,51
84,30403.516,88248.522,88
85,34556.4818,86967.5079,26
86,33894.5496,87700.0188,89
87,31519.0565,85586.0493,70
88,31733.4888,87204.7083,12
89,33194.5672,88198.086,40
90,33931.2162,88020.3075,57
91,31256.2831,86584.6812,28
92,32125.9773,86656.0885,64
93,30603.8033,87852.4923,24
94,33647.611,87931.4109,55
95,32206.2524,87013.8759,36
96,34823.9786,86473.8788,36
97,32449.0275,88133.6339,13
98,30493.5286,88103.6099,70
99,34711.1945,85945.2556,69
100,31429.8882,87109.144,86
101,31173.2308,85793.2681,97
102,32558.747,87942.5161,21
103,33109.2894,87965.019,32
104,33753.9955,87157.2232,54
105,32306.8054,86817.7608,72
106,34639.8122,86429.1543,56
107,31487.386,87188.3141,37
108,33659.8332,87600.0098,79
109,31541.2791,85427.9922,19
110,31700.7123,86914.1457,73
111,34194.5444,86982.784,57
112,34933.1419,86819.7239,86
113,31628.2207,85681.8855,44
114,32053.4806,86343.5787,54
115,31229.0591,86232.4493,34
116,32711.2439,85182.1624,28
117,34190.9357,88147.2612,33
118,31068.5135,85433.8222,25
119,34194.2618,85694.9648,69
120,34245.0962,86646.6614,76
121,31009.3468,85744.3772,31
122,33948.1567,86859.9989,80
123,34451.7574,86402.7638,67
124,34791.7549,87054.4551,14
125,34930.9181,87646.1377,89
126,31387.3937,85408.2681,53
127,31730.7135,88197.5111,56
128,31264.0579,86223.283,66
129,34363.4232,85609.9634,31
130,32734.5767,85133.8277,57
131,33630.6607,86946.6618,24
132,33931.2115,86794.1636,78
133,34081.4863,86591.1027,49
134,33946.7654,86585.8235,11
135,34126.4856,86542.7678,77
136,31984.877,85716.8917,20
137,33820.6623,87906.4128,80
138,32594.0245,88115.578,77
139,34200.6503,86166.3655,76
140,33877.3274,87822.5225,55
141,33853.995,87182.7818,78
142,33643.1675,87510.0061,68
143,32755.9654,88028.9072,13
144,31778.4899,88331.129,73
145,31725.4334,86705.8078,85
146,33263.7246,86335.5323,45
147,33542.6068,87007.2173,14
148,32500.4124,86571.9223,53
149,32306.5342,85441.6119,37
150,32619.5797,88304.197,49
151,33752.0454,86703.8799,73
152,31901.8184,86242.1847,55
153,32050.4236,86795.5363,30
154,32429.025,86946.6546,11
155,31496.5526,87119.1458,61
156,32399.5828,86040.2387,36
157,32399.0269,86184.6879,17
158,33994.5465,86970.0027,17
159,32516.5261,88091.9659,37
160,31959.0403,86129.9589,54
161,34094.5406,85971.9158,78
162,34670.3683,87244.1854,65
163,34025.3797,87758.3574,100
164,31262.6708,86771.0749,47
165,31312.9461,86171.0596,10
166,34225.9295,86615.2711,99
167,31481.8306,86684.9677,80
168,33637.8825,86916.6612,37
169,34162.0404,86475.5431,65
170,34500.9267,86855.0033,20
171,33255.6719,87320.8336,46
172,34360.6453,85521.6276,78
173,34932.8648,86713.6094,28
174,31427.6721,85200.7652,62
175,34749.2568,86443.044,92
176,32602.0793,87931.1267,25
177,34602.8626,85830.5284,28
178,31468.4979,86900.5282,31
179,33392.6155,87753.3462,40
180,31668.4909,86670.5278,14
181,34028.7133,87007.5043,27
182,33699.55,87047.776,92
183,34943.6904,85632.19,54
184,32520.9689,85863.5692,25
185,32946.2361,85401.8929,42
186,33257.0623,87752.7902,23
187,33416.5011,87258.3323,21
188,31217.9545,88390.57,70
189,33344.8364,87298.6109,18
190,34518.7046,86938.6179,24
191,33979.5426,85951.637,97
192,31553.4949,87160.2592,32
193,34450.9303,88022.8164,72
194,34569.2596,87140.0148,21
195,32316.8056,87101.3793,27
196,33354.833,86826.1004,23
197,34870.6418,87144.4583,20
198,33426.4967,86431.6473,34
199,31890.4283,87087.485,99
200,32050.1467,86544.9739,97
201,32225.4227,87793.0658,16
202,31155.1748,88009.9997,69
203,31990.9813,87290.5456,55
204,33795.9411,87271.6709,21
205,32800.4059,85653.5659,92
206,31923.4868,87981.1207,82
207,32892.6248,86846.6546,49
208,33836.4933,87055.2789,71
209,32204.8652,86303.5784,12
210,31026.292,87411.9237,62
211,32323.4726,86455.8062,98
212,31497.1141,85311.8787,28
213,34773.1456,86792.7781,100
214,33645.6604,86933.6061,58
215,34128.9845,86120.2531,33
216,32087.0889,87034.1526,66
217,31343.224,87845.5522,93
218,34809.2498,85974.1462,15
219,31541.5519,88236.3999,41
220,32549.8569,85869.9585,66
221,31472.3869,87941.389,92
222,34947.8646,86695.8311,83
223,34872.3085,87064.7329,85
224,32580.4117,87683.8974,69
225,31299.0599,87022.4721,33
226,31879.6012,85833.0041,69
227,32184.5875,87469.443,98
228,32302.6416,86008.5694,83
229,31351.8343,86328.8432,53
230,34856.753,87214.7389,22
231,34705.6458,87753.0869,17
232,33863.9887,86654.4357,69
233,33851.4972,87446.6759,93
234,31778.7658,86367.4655,23
235,34038.1553,86810.8323,17
236,34321.2066,86723.0533,63
237,34089.5427,86724.7189,72
238,34955.6392,87448.3558,63
239,31788.4902,88030.0078,19
240,31815.987,86412.4676,27
241,34276.2094,86929.4497,83
242,32682.3521,86097.4659,99
243,34666.1946,85790.5282,99
244,33653.158,86647.7659,71
245,34565.093,87226.6849,31
246,31748.7649,87531.9378,100
247,31181.5634,85877.1592,89
248,31693.493,88440.3006,85
249,32239.8647,88188.6341,46
250,33817.329,87210.2814,83
251,31037.6794,88023.3324,80
252,31465.1653,88254.4557,58
253,32480.1376,85718.8431,10
254,33340.1108,86630.2625,32
255,34757.0342,87972.8143,81
256,32682.075,85906.3494,87
257,31729.6006,86336.9078,73
258,32293.7536,85924.4006,51
259,31807.6532,87232.2094,80
260,31597.1074,85913.5566,99
261,33678.9937,86968.0519,72
262,30763.7991,88074.7222,20
263,31782.1003,87844.1695,29
264,32209.033,88094.1857,66
265,30921.8505,88200.5598,57
266,32156.5383,85643.5592,67
267,31090.7338,88228.0622,79
268,31540.1611,87515.5464,16
269,34083.7078,86428.3186,11
270,34807.3116,86772.7774,30
271,33914.5508,87576.6817,69
272,32579.0219,86070.5198,96
273,30485.7508,87806.6569,75
274,31235.7293,85722.7118,58
275,31878.2162,85449.6627,91
276,34777.3105,87673.0846,81
277,32913.7387,87992.518,62
278,31407.1125,85894.1078,19
279,31608.5002,85429.9374,98
280,34938.6964,87771.4177,35
281,33978.1533,86015.8052,96
282,33740.1099,87418.0611,37
283,33593.7158,86857.2146,88
284,33159.0078,87340.834,64
285,33254.8366,86883.0455,53
286,32485.1379,88069.4649,47
287,33642.8814,85867.4659,90
288,33065.4037,88251.1431,25
289,30382.9771,88238.3363,59
290,31164.6193,85909.3821,50
291,31757.9353,88089.7308,56
292,32282.6476,85236.6056,94
293,34660.9244,87694.4746,64
294,33981.7697,87033.3373,94
295,31434.8881,86423.2925,22
296,32175.9754,86823.5932,26
297,33879.266,85919.1356,35
298,32032.9338,85383.2732,86
299,33467.6085,87031.1058,63
300,32411.5266,86146.6313,84
301,33831.2152,87028.3338,23
302,33279.2796,86345.5327,43
303,33327.6113,86359.1446,75
304,32647.9085,86369.6957,78
305,31560.1632,88419.1872,68
306,34283.1488,86187.4777,92
307,31831.5453,85949.673,44
308,33759.8291,87183.3349,13
309,33168.4522,85557.4543,34
310,33800.381,86942.2201,26
311,32155.9811,85842.1747,91
312,33708.4442,87469.4504,69
313,32855.6806,86122.4682,26
314,32292.922,85692.1733,36
315,32146.8198,85073.8206,88
316,31048.7933,85304.9326,31
317,34755.0895,86955.2847,64
318,30683.8013,88149.1685,49
319,30694.3566,88164.7246,75
320,33821.4894,86718.6038,42
321,34299.2624,86698.0523,49
322,34668.9794,87309.4649,80
323,33690.1097,87889.1877,19
324,33035.3989,85822.7391,15
325,34802.032,87178.3489,54
326,32087.9265,87910.289,58
327,32456.8081,85189.6611,85
328,32817.9083,88054.1868,11
329,32294.5899,85477.4461,64
330,33813.1594,86994.4438,85
331,33913.1618,88080.5871,18
332,30706.3007,88106.1117,14
333,33728.4348,86731.6582,97
334,34102.0403,86009.9724,21
335,32428.1952,88376.4211,29
336,34174.8208,86843.6124,85
337,31713.7695,88296.9594,50
338,33174.0113,88107.5261,42
339,32018.4837,86080.791,61
340,31397.6664,86156.8937,14
341,32831.238,85763.5692,75
342,31310.1719,85712.9908,87
343,33849.5444,86660.5469,40
344,31320.4471,86004.387,45
345,31920.7064,86406.3574,35
346,33052.8992,85639.6783,74
347,32327.6432,85669.6732,48
348,30607.6926,88255.2828,38
349,32350.9732,87641.9503,24
350,34605.9254,86983.3417,34
351,30400.7542,88148.8893,76
352,34170.1005,87605.8559,86
353,32517.6361,87836.402,37
354,34484.2628,87949.7595,38
355,34028.1608,88170.0368,14
356,34326.2018,85507.7381,85
357,32639.2977,86149.6894,54
358,33131.7869,85473.0072,73
359,31763.4884,87710.5544,53
360,31511.0008,85653.5497,70
361,33802.3269,87053.6114,97
362,30452.1417,88241.948,82
363,31000.4595,87036.0774,26
364,33223.7275,87165.5521,47
365,33948.1614,87566.6824,38
366,33151.2286,86873.045,84
367,33711.7729,87101.1105,77
368,33462.8858,86961.382,76
369,31647.6648,85673.8302,90
370,32438.4696,86449.6961,49
371,31223.2313,85390.4889,27
372,34326.203,86161.3667,84
373,34232.3163,86123.5868,99
374,34173.7065,86323.5926,94
375,32491.5274,88391.4221,67
376,32264.8668,85784.1194,34
377,31492.1084,86364.9582,75
378,33782.8821,87018.6103,72
379,32915.1252,85599.9541,27
380,34713.4241,86487.7669,82
381,31120.455,85671.6002,70
382,31845.1569,85896.0607,82
383,34610.9183,85916.92,30
384,31276.2797,86241.8949,11
385,34249.2643,86820.5569,16
386,32828.1849,85174.9407,84
387,31128.5084,86129.388,19
388,31093.2339,87062.7469,53
389,31665.7132,86696.6394,78
390,34809.5319,87649.4725,37
391,34002.5979,85968.582,36
392,34183.1536,86793.6109,43
393,33940.9314,86457.2078,10
394,31475.7245,85465.7698,65
395,33344.8388,87789.4586,99
396,32635.4093,86034.4079,49
397,31716.8319,85372.1595,11
398,32318.194,86775.2598,20
399,31665.4439,85375.2147,90
400,34073.7075,86155.8093,25
401,30763.5213,88126.946,70
402,31667.6646,85656.3304,44
403,31414.6108,86067.7243,33
404,30414.3646,87597.7615,25
405,33922.8835,87617.2389,65
406,34928.9743,86973.8959,55
407,34977.586,86723.6099,64
408,34064.8206,85609.9619,52
409,32152.9207,87071.9319,29
410,32538.7448,86314.9712,94
411,33256.2293,87792.2362,81
412,33808.4373,87010.5552,93
413,31215.7325,85276.8769,74
414,32155.4284,85496.6116,23
415,32734.8509,86618.0364,70
416,32690.4114,88126.1339,31
417,32762.0721,86101.9112,68
418,31289.6182,88387.2373,34
419,31969.315,87202.4875,47
420,33415.6743,88216.6992,64
421,31891.2717,85145.4876,59
422,33645.6587,85912.4671,81
423,31039.9013,85847.435,95
424,32840.6848,87887.5145,82
425,34332.3178,86758.888,27
426,31433.4994,86956.9176,30
427,33990.6543,85905.8026,58
428,32056.5386,87874.1765,63
429,34792.5827,85909.9775,49
430,31044.6244,85537.4334,96
431,34626.7509,85790.2497,46
432,32796.2413,85183.8297,14
433,31251.8384,86645.516,81
434,31168.2301,88064.1685,33
435,34803.1445,86876.9481,44
436,31563.7726,87076.6462,83
437,31419.3334,87005.2519,66
438,33378.7278,87885.5735,15
439,34581.4814,86972.508,14
440,34803.1447,86832.502,21
441,34255.3741,86688.0519,48
442,32804.849,86594.1473,60
443,31049.0678,86618.2881,28
444,32695.4075,86050.2424,38
445,34368.4295,86908.616,50
446,34246.2043,85493.2927,51
447,32078.2004,86891.9272,45
448,32459.8585,87593.8938,54
449,33145.6725,86405.8112,26
450,32480.6909,86409.9732,92
451,33579.2812,88141.6964,41
452,30483.2523,88293.0616,35
453,33642.0484,86855.8264,82
454,34642.5913,87140.5702,51
455,34784.2544,87393.9114,47
456,32489.5795,86351.6385,54
457,31032.1259,85411.0442,35
458,31440.7208,86303.2883,62
459,32248.752,87235.5483,52
460,33018.1788,85350.2251,32
461,34019.82,86550.5453,29
462,34918.1431,86681.3861,33
463,31301.8391,85625.2128,20
464,33644.2735,87092.4982,75
465,34536.7602,87485.3028,37
466,34769.8032,85694.4152,63
467,32450.4141,86261.0799,63
468,32149.3111,87523.0557,41
469,33945.1067,87503.3467,78
470,31978.7603,86430.8032,70
471,34661.4801,86582.7701,67
472,32109.59,86352.1904,47
473,33355.1117,87006.3823,95
474,34873.6901,85590.2443,88
475,34799.81,87677.251,45
476,32600.1325,86017.1849,16
477,30406.5868,87683.5974,76
478,34785.9209,87528.637,85
479,31862.3735,86842.7575,93
480,32437.0805,86598.0337,60
481,33161.2303,85538.8426,24
482,32648.1893,87883.3475,78
483,34086.2088,85461.9021,13
484,32243.2014,85709.673,73
485,31984.5929,86578.5856,58
486,32341.536,85021.5983,49
487,32997.8999,85826.9056,85
488,33422.6123,85555.2333,44
489,32086.5336,86829.9816,75
490,31594.6038,87408.8776,45
491,33529.272,86826.3796,78
492,31301.2839,88364.4588,66
493,30462.4189,88168.89,62
494,34033.9868,86587.2134,24
495,33801.2187,87663.3483,23
496,33613.1598,86836.6589,56
497,34563.4272,87842.2568,63
498,31714.5996,87411.3791,89
499,32989.8462,85288.5564,30
500,34059.8191,86433.8744,52
501,31403.4993,86206.6178,32
502,32537.0789,85974.6831,13
503,31342.6719,88407.7946,21
504,33730.9382,85433.8442,64
505,31817.9315,86311.075,73
506,34296.2028,85493.293,44
507,31788.4881,87727.2221,67
508,34088.4356,88012.2546,46
509,33618.4371,86801.6582,81
510,32006.8132,86966.928,50
511,33998.7084,86245.256,81
512,31083.2326,86106.8864,52
513,31406.8339,86484.1273,96
514,33148.45,86289.4192,72
515,32911.2351,86607.4817,100
516,34014.5436,86746.9414,10
517,33660.1033,86812.7702,11
518,31556.5503,86823.3063,65
519,31876.2633,86272.7411,76
520,32207.3646,87437.4979,14
521,34268.426,85556.9057,84
522,32868.1857,88305.0321,74
523,31032.9572,85863.8242,30
524,30888.5182,88270.2846,56
525,31296.5591,87735.549,56
526,34453.428,86928.0617,45
527,31637.1028,86741.9175,48
528,31877.0975,88321.4089,48
529,33516.4976,87146.664,68
530,32631.2445,87779.4559,21
531,34893.6969,87082.5113,27
532,34872.5886,86643.0512,76
533,32785.1305,85173.8293,25
534,33204.2828,86958.3248,54
535,33957.043,85932.4698,50
536,32128.7646,85176.8793,92
537,31664.6032,86171.3444,69
538,33750.9408,87218.0576,88
539,32721.7975,85507.7283,86
540,34259.8189,86753.3322,24
541,32563.7458,85781.0675,72
542,33643.7155,85785.7971,74
543,32573.4666,86013.2956,33
544,34115.9328,86863.6124,68
545,31279.6149,85993.5526,71
546,31336.8355,87425.8186,57
547,33320.1178,87902.7962,81
548,33649.275,87208.0559,25
549,31722.9352,86118.2882,48
550,31582.6597,87583.6039,34
551,31994.872,86201.0733,74
552,33457.6125,85320.7827,13
553,31007.9621,85211.5985,56
554,34528.6985,86253.3163,79
555,34354.2597,86436.6533,57
556,33926.2095,86508.3205,47
557,33620.6611,86971.3844,62
558,31577.1053,87130.8145,16
559,34670.9245,86843.6136,12
560,31829.5972,86617.7517,32
561,31779.5997,87760.0006,79
562,33325.9456,86936.1027,23
563,34703.4244,86550.5468,22
564,33960.937,87880.5817,56
565,30246.0361,87700.8193,23
566,34701.7558,86375.8201,73
567,34115.6568,87010.8391,34
568,34277.32,87828.6423,85
569,33060.3978,85933.0202,73
570,31074.8994,86166.3325,81
571,31406.562,85137.1526,59
572,34226.488,87621.4133,96
573,31402.3886,87331.3723,61
574,34453.1528,88061.4285,75
575,32284.0304,88277.2492,82
576,32527.9114,87286.3861,32
577,34142.3235,87988.6438,94
578,31643.7745,85808.277,48
579,32743.466,88269.196,23
580,34060.6545,86767.498,36
581,34534.8088,85993.5881,10
582,34787.8665,86954.729,87
583,32239.3139,85526.0578,90
584,31181.5628,88051.6681,90
585,32286.5322,85848.8433,10
586,33231.2267,85867.1859,49
587,31357.3901,86374.9559,59
588,31594.0492,87134.7038,69
589,33343.9995,86438.0357,91
590,32443.1913,87215.5502,36
591,34855.6441,86750.8323,78
592,32270.7034,85275.7733,37
593,34562.8707,87415.3011,69
594,33892.6003,86757.773,52
595,33577.8825,86831.1027,25
596,32625.687,86673.0373,48
597,34882.3042,85815.8081,41
598,32184.0315,86580.2533,81
599,34880.0865,86969.7293,42
600,32340.1384,87203.882,64
601,31351.284,85342.1559,62
602,31632.383,88336.6833,44
603,31360.7243,86469.6811,39
604,33167.3398,87067.2163,39
605,34485.3675,86380.2634,39
606,31913.485,86211.9059,31
607,31666.5482,86073.2852,11
608,34038.1528,86453.3194,74
609,34424.534,86262.204,34
610,33447.0522,86231.6421,23
611,30354.6444,88130.2777,18
612,34543.1495,87708.9202,28
613,32239.3069,86748.5917,79
614,31156.5648,85731.3225,79
615,34242.3167,86278.5909,73
616,33959.5437,86690.5497,60
617,32793.1828,86673.316,41
618,32259.5879,87900.2914,77
619,34639.258,87191.6834,56
620,33868.4403,87266.395,90
621,32892.3461,86153.3028,54
622,31572.9379,87426.0999,88
623,32194.0325,86244.6876,15
624,34537.0358,86534.7122,23
625,31911.8267,85148.8211,14
626,32025.9839,87876.9538,19
627,34327.0425,87926.4233,18
628,31082.6803,85372.9886,85
629,31937.3732,88302.2428,57
630,34332.3165,86560.269,51
631,34890.363,87538.6362,55
632,33838.7195,87422.5084,55
633,33824.5436,86478.3185,48
634,34724.25,85972.4787,44
635,32636.2421,86326.639,86
636,32222.3733,85005.2077,31
637,33988.4309,86420.2624,94
638,32269.8632,86357.1916,77
639,34201.2061,85729.4102,93
640,34200.9283,86296.9248,70
641,34827.3088,87435.0232,70
642,34055.9299,86183.5878,13
643,33259.0053,87340.2786,17
644,33827.8839,87740.0186,11
645,32834.5732,85229.6647,80
646,34312.317,86598.6038,59
647,33774.2717,87058.8886,22
648,34704.5355,86618.8826,95
649,34311.759,86167.4777,56
650,34234.2615,86343.038,57
651,32523.1895,86701.3707,52
652,33297.6123,86352.7553,82
653,31604.3267,86612.7469,95
654,31271.281,86094.6672,71
655,30506.8623,88233.8925,79
656,31782.3793,88455.5805,13
657,34034.5413,86145.2534,31
658,30670.4684,88158.0576,84
659,30622.6917,87911.9384,35
660,32644.8557,87851.6801,24
661,34890.9191,87663.6385,99
662,32886.2364,85811.6265,37
663,34397.8666,85577.4627,93
664,33831.2185,87277.5053,89
665,32386.8067,87898.0699,64
666,33130.6772,87846.9594,67
667,32126.2648,85072.1536,50
668,34297.8726,86556.1022,47
669,31786.5442,86164.1245,25
670,31504.8862,88247.2334,35
671,32705.4074,86002.1854,77
672,30326.5894,87531.0923,34
673,34033.4314,86616.659,72
674,32835.9607,85586.0643,20
675,33901.7737,87551.9582,27
676,31060.7351,87127.4705,90
677,34156.2063,85951.0823,96
678,32979.8441,86033.578,81
679,33587.0574,87984.4675,30
680,32619.0212,85948.5721,84
681,34102.5972,85534.4042,74
682,32937.0672,86109.1353,14
683,33945.0988,85918.0249,98
684,31282.6718,85825.4924,72
685,33679.5499,87030.5532,30
686,34862.8637,87537.5253,96
687,34826.7543,87763.3635,17
688,34905.3627,87383.0768,91
689,31299.063,85344.3778,44
690,31402.6711,85414.3794,53
691,34190.3727,85456.9026,66
692,31640.1603,88259.4569,46
693,30815.4643,88158.0583,29
694,32378.4735,85862.7339,10
695,33372.8885,86920.8249,83
696,32468.1977,85079.1016,35
697,34872.3079,87559.4701,61
698,34811.4763,87618.6386,19
699,34789.5323,87616.6944,29
700,32121.2569,87566.6681,79
701,32028.7593,88328.3577,58
702,34318.148,86240.2573,41
703,34690.9189,86124.7038,84
704,32016.5399,87958.3444,58
705,33370.9509,87992.2442,45
706,34272.8716,86284.147,34
707,30497.9733,88170.0013,98
708,34232.3159,85531.0715,87
709,31657.6665,85269.1013,36
710,34725.0896,87072.7895,93
711,34389.818,86911.6719,52
712,31336.5577,87185.5331,68
713,34990.6391,87153.3469,33
714,34752.03,86162.2051,39
715,32129.589,86485.8058,16
716,31409.8926,85467.4358,91
717,33582.6044,86805.5466,37
718,33040.9578,88020.2983,80
719,34969.2501,87371.1316,13
720,32581.2455,85749.1225,16
721,33563.9929,86654.7094,11
722,34347.5966,87765.0308,16
723,32711.7957,86389.1412,70
724,30412.9759,87436.9228,58
725,31758.22,85469.3844,27
726,33833.4346,86801.3841,40
727,32168.7554,88282.5251,93
728,31257.1162,87708.6035,14
729,34281.4815,85673.2979,77
730,32846.7953,85209.942,99
731,33500.9433,87248.61,46
732,32150.4229,88177.7985,64
733,34067.0409,86133.031,92
734,33688.7161,86998.0528,76
735,32787.6312,88028.9075,56
736,32604.3008,85593.2854,70
737,31329.6135,86648.8515,92
738,32583.1897,87736.6769,10
739,33907.5992,86615.2685,46
740,31985.9821,86490.5275,19
741,33572.8815,86601.0971,39
742,32879.0138,86660.8162,25
743,31297.6707,87087.7517,41
744,34544.5376,86996.398,56
745,34250.6539,86886.1147,74
746,34322.8691,85642.7418,93
747,31581.551,88300.0143,74
748,31783.4963,85555.7751,31
749,31116.0136,85273.8214,56
750,33324.5569,86982.2148,71
751,31840.7077,87545.2737,61
752,31167.3956,86142.7226,39
753,33308.7247,87075.2724,29
754,33767.8777,85936.3575,34
755,33088.4533,87147.496,22
756,31965.7145,85214.9343,57
757,31716.5455,86263.8492,65
758,31542.6623,86986.0877,42
759,33619.8253,86706.6559,16
760,34430.6492,86705.2748,55
761,31468.2243,85562.9929,74
762,32040.428,86031.6227,30
763,34520.0868,86000.2548,53
764,34171.7623,85789.9672,18
765,31035.7372,85393.2663,81
766,30515.7499,87917.4931,11
767,31932.6508,86294.1315,64
768,30399.6424,87776.1001,17
769,31024.9032,87454.7029,86
770,32186.5341,86040.5135,99
771,34862.3089,87728.64,64
772,32057.094,87814.1751,38
773,33880.0984,86009.9711,88
774,31492.9456,85695.7718,18
775,30461.0293,87799.1566,48
776,34743.6938,85920.5331,10
777,34367.313,86167.4786,12
778,32439.0296,85364.1111,54
779,34538.7047,87283.3533,14
780,30836.8527,88184.4479,30
781,33577.8859,87148.8871,59
782,33203.4492,86861.656,85
783,31542.384,86714.97,46
784,31844.6003,85961.0623,28
785,33817.8858,87325.2837,56
786,31166.8422,87526.3747,70
787,32298.4737,87540.2797,98
788,34176.7623,86401.929,60
789,32154.875,85094.3768,51
790,33380.952,88141.6955,80
791,31606.8274,87895.5565,31
792,34286.204,86127.7542,70
793,31830.9858,87093.8737,32
794,34363.7045,86510.2669,18
795,33669.5503,87045.831,97
796,31917.9315,86005.509,98
797,31379.8894,87428.3194,21
798,33136.5136,88297.5341,62
799,34785.9237,86536.1023,62
800,34851.4782,86572.2154,56
801,31493.7742,87374.4308,87
802,31507.107,87388.3203,42
803,33496.7771,85541.0666,37
804,31813.4871,86463.5805,80
805,32077.0977,85522.1667,46
806,30370.477,87610.8172,95
807,32099.5897,87367.4944,79
808,33563.4478,88081.4159,40
809,31634.0496,88313.3487,28
810,32527.0818,88335.8644,54
811,33048.7315,86759.4307,73
812,32951.7897,86645.2607,10
813,33537.3284,86940.5491,34
814,32077.9224,86993.5961,55
815,32241.5312,88271.693,39
816,34036.4859,86004.4163,20
817,32512.0848,85090.769,44
818,31825.4369,85778.5574,37
819,31734.8782,86394.688,48
820,32550.9698,88106.9665,27
821,32825.1282,85444.1158,65
822,34628.425,86880.2819,14
823,33333.723,86916.6579,15
824,34472.0365,86569.7136,14
825,33957.3201,86039.4168,27
826,32933.7338,86345.8083,30
827,33748.1576,86808.6048,40
828,33869.8295,88102.8093,96
829,34118.708,85622.1846,45
830,34597.3145,87014.4541,69
831,31971.2682,85524.6654,36
832,32060.9803,86365.2461,67
833,34142.3179,86289.4244,87
834,33769.2744,87241.114,60
835,32362.6393,86101.9068,51
836,32399.3049,86106.9075,94
837,32289.8616,87052.4889,61
838,31578.494,86848.0298,66
839,33670.9369,86856.1047,47
840,34935.0847,87140.2912,44
841,32093.758,88163.0745,43
842,34254.8193,86784.7222,95
843,32060.1458,86701.3673,59
844,34088.7087,86617.2148,90
845,34541.4827,87653.6408,88
846,34147.0397,86130.5312,10
847,31064.6228,88025.555,33
848,32670.9636,86717.4832,82
849,34698.7016,86956.9515,42
850,32250.4214,87949.7371,64
851,32112.9257,87988.0691,89
852,31315.4506,85454.1013,15
853,34596.2032,87428.3569,54
854,33959.8211,86639.4367,20
855,31987.9272,88336.6906,85
856,30732.1333,88100.2784,28
857,34388.7033,86424.7085,66
858,32811.7961,85244.665,66
859,32579.8554,85984.1283,82
860,32469.3027,86161.9103,67
861,31552.9426,85867.7211,35
862,33359.2769,86737.2095,45
863,33980.6587,87818.358,94
864,34205.0965,86641.1053,41
865,32839.8507,87736.3992,20
866,31335.1716,85605.2133,64
867,33545.3906,87801.4047,62
868,32008.2068,87901.9541,53
869,34757.3106,87559.749,81
870,34351.4856,87784.198,34
871,34347.3191,87806.9762,24
872,34203.9842,86384.7062,49
873,32556.5221,86319.1382,72
874,34279.2641,86855.5582,64
875,34131.4864,86681.9397,76
876,33533.9939,86799.1568,79
877,30317.9784,87706.3754,22
878,32546.2457,87677.5082,56
879,33191.7822,86299.4197,66
880,33454.8324,87153.6081,23
881,34918.6975,86855.8363,25
882,34478.1502,86995.0091,48
883,32897.6272,87764.7333,38
884,33715.1058,87076.1101,70
885,34820.9215,86911.9494,37
886,34827.5873,87085.2896,26
887,33031.5099,86763.5974,68
888,34165.0955,85486.9032,28
889,34373.9838,86762.2215,51
890,33783.4324,86002.4703,48
891,34410.931,88036.7051,59
892,33938.7091,86061.9173,76
893,31872.3754,88306.1302,16
894,32239.0292,86872.7616,36
895,34413.9817,86528.0454,13
896,34810.9206,87250.2962,89
897,31975.9878,85784.9487,55
898,30294.3681,87573.5935,74
899,31299.8925,87548.5997,41
900,33484.0046,87977.7995,72
901,30247.7031,87839.7131,46
902,31971.5384,86388.8573,29
903,32950.6839,88268.9206,57
904,31154.0687,85175.4867,13
905,30643.2468,87912.2164,36
906,32482.6351,86505.8092,96
907,31786.5436,86228.2936,51
908,33306.5035,87222.498,11
909,33628.7142,86745.8236,44
910,32613.4689,88346.6986,67
911,31116.0107,87097.7484,44
912,34063.9907,87866.9723,39
913,33733.4434,87570.0096,56
914,31258.7872,85226.043,99
915,33285.6687,86809.9885,42
916,32207.0888,88056.1287,37
917,30873.2404,88047.4993,38
918,33006.5121,85465.5064,36
919,30340.7558,87504.9805,87
920,33021.2327,85801.3495,56
921,31848.7645,86207.7382,84
922,34971.7513,86946.1171,29
923,34806.1984,87555.304,12
924,34133.1544,86817.2223,43
925,34350.9299,87706.418,63
926,31161.0134,85107.4299,71
927,33347.6115,86929.9916,63
928,32357.6408,87871.68,59
929,30833.5198,87741.1018,97
930,34033.1549,85707.7424,76
931,32716.2433,85251.8869,47
932,34857.0305,87360.021,35
933,31475.72,86186.3404,92
934,32583.7436,86465.5311,74
935,34865.3635,87469.1905,58
936,31057.4012,88111.6689,92
937,33537.6045,86681.6541,53
938,34855.0873,86933.6169,80
939,32755.9626,85655.2324,30
940,32175.6993,86367.4691,10
941,34680.9168,85847.7523,80
942,31367.3931,85612.9916,92
943,34114.2639,85727.4654,72
944,34268.983,86338.5935,30
945,31063.2351,87491.0937,15
946,31744.8867,85233.5453,57
947,31304.3416,85229.6543,92
948,31664.6039,86054.3956,18
949,34505.6503,87688.9198,66
950,34542.0398,88065.3178,26
951,34234.8193,86765.5548,86
952,32702.9074,86784.9854,50
953,34961.7545,86416.6569,11
954,31027.1252,87173.5825,40
955,32710.4081,85774.1241,74
956,32748.7395,86719.4282,27
957,34731.4782,87141.6812,54
958,34795.6435,87124.7357,60
959,34414.5339,86136.9231,59
960,33566.4966,87106.664,19
961,33623.1621,87054.7194,69
962,32431.2472,87108.0475,47
963,33908.4378,87099.4481,57
964,33613.7184,87112.4981,54
965,32464.0245,86459.6966,98
966,31452.9432,87966.1117,52
967,33722.0536,87333.8926,96
968,34021.2132,87784.7469,21
969,32193.4775,88353.3623,46
970,33672.0505,87066.6648,88
971,34279.8157,86258.3127,83
972,31026.8474,87724.9908,53
973,34752.5907,86736.3869,74
974,34785.6433,87314.187,17
975,31312.6694,87235.5341,47
976,34767.3103,87370.0219,58
977,34255.9281,86424.1525,13
978,34697.8686,87863.9231,79
979,31137.9543,87632.4888,89
980,34496.7617,87741.6992,70
981,33378.451,88015.3008,32
982,31122.9561,85452.7113,16
983,34749.2559,87038.6214,83
984,31246.0048,88098.8928,68
985,33816.7666,86600.8222,59
986,31409.0551,87239.1473,50
987,31262.6696,86161.8918,75
988,31732.9404,85727.7216,24
989,32128.7567,88327.8042,28
990,31726.2669,87126.0955,60
991,34333.9795,85547.7392,88
992,34762.0331,87120.8468,41
993,34039.2654,86713.607,100
994,31352.9468,86539.1273,22
995,34094.82,86667.7724,81
996,32244.0355,85594.115,64
997,34765.366,87286.6864,100
998,31081.8451,86888.8522,34
999,30553.8048,87711.9324,48
1000,32214.0326,88127.2425,51
1001,34532.5865,85950.2533,63
1002,34168.1518,86536.6566,50
1003,33346.2229,86978.0483,36
1004,34089.2628,86112.7527,83
1005,34455.0956,87784.7551,100
1006,33781.4942,87084.7226,45
1007,34595.9209,86274.984,10
1008,31597.6641,85834.6656,17
1009,32946.236,85425.227,55
1010,30260.758,87622.2059,72
1011,33990.6534,86513.3214,69
1012,31449.3318,86339.4009,57
1013,34860.3643,87671.9723,80
1014,31941.2601,87136.9306,65
1015,33483.7171,86794.1561,67
1016,30618.5255,87693.5991,36
1017,34215.6501,85683.8534,61
1018,32687.0758,85669.1212,75
1019,34072.0414,86502.2103,60
1020,33553.4373,86560.2626,81
1021,34507.8726,87728.6432,14
1022,34364.2604,86556.6577,85
1023,34769.8126,86480.8227,40
1024,31955.1547,85820.7826,45
1025,32323.472,86616.6442,44
1026,30503.5291,88254.1711,52
1027,34548.9823,87588.9168,32
1028,33698.7135,85839.6879,18
1029,32350.416,87262.2168,75
1030,32596.8028,85238.5527,86
1031,34938.9736,87114.7346,74
1032,32457.0826,87931.1267,97
1033,34242.8717,85768.578,76
1034,31705.4363,86036.3403,66
1035,31905.9896,85807.726,48
1036,31298.2254,86389.1217,91
1037,34252.8718,86192.7551,20
1038,31902.9293,86315.7984,88
1039,32089.0397,85762.7275,93
1040,32287.6393,86985.8206,36
1041,30853.241,88056.1106,16
1042,33547.0486,86579.7074,48
1043,31662.6569,87437.4902,55
1044,31661.5554,85206.5997,50
1045,31470.998,86393.2922,46
1046,33324.2816,87321.667,83
1047,34700.3674,87476.4138,95
1048,32183.7591,85704.672,95
1049,32056.2585,86303.0219,83
1050,31129.8979,86004.1063,83
1051,32395.1369,87008.3225,54
1052,32732.6285,86112.189,79
1053,30515.1954,87473.8692,64
1054,30654.0805,88303.0632,42
1055,31524.0526,86037.7253,87
1056,31630.9944,88391.4085,75
1057,33593.1617,87003.3291,66
1058,33405.3871,86871.9351,22
1059,33506.505,88094.1938,91
1060,32840.4067,85183.2744,94
1061,33110.396,86584.149,75
1062,33521.495,86905.2702,62
1063,33733.1575,85798.0205,33
1064,34719.8132,86662.4953,41
1065,31781.2721,85744.1116,49
1066,32117.0928,85942.1765,25
1067,33551.2189,87101.3859,49
1068,32394.8615,85916.902,10
1069,31570.169,85101.3186,46
1070,34260.9344,88127.2617,15
1071,32418.1932,87613.3386,28
1072,31282.1202,85197.1536,22
1073,33229.2817,86824.9885,70
1074,30545.4715,87751.6559,94
1075,34224.2637,86734.4424,37
1076,32104.5938,85870.7858,42
1077,34957.588,86518.6038,64
1078,31669.8801,87064.9818,85
1079,31557.6671,85545.4941,37
1080,34151.762,86149.6983,66
1081,34146.7627,85829.9682,73
1082,33455.6632,86138.0282,53
1083,31108.2335,85594.378,61
1084,34185.0946,86050.5294,100
1085,32540.1393,85098.5473,66
1086,30861.0187,88208.6155,48
1087,31235.1759,85325.4885,57
1088,34119.5406,86395.5398,74
1089,31525.7238,85436.0477,88
1090,32241.5309,86296.3562,48
1091,34473.1491,86798.612,81
1092,34001.7642,86045.2506,12
1093,34211.2104,87635.0245,20
1094,34742.3114,87703.6411,50
1095,31029.3477,85469.9333,78
1096,34350.092,86309.7045,61
1097,31820.1552,88329.1856,12
1098,31144.8974,85985.4949,29
1099,34915.9187,87041.3985,12
1100,32132.923,86269.9658,91
1101,31107.9556,87035.2463,94
1102,31947.096,88137.2369,19
1103,34194.5441,86956.3942,44
1104,34656.7577,87616.6951,18
1105,33735.9417,87270.5583,91
1106,33079.8443,85253.0002,62
1107,30742.689,87793.3252,79
1108,31674.8795,86825.2539,20
1109,31001.0159,85403.8219,88
1110,34990.6426,86571.3835,69
1111,30715.7453,87784.7137,51
1112,33448.718,86479.982,21
1113,34868.6933,85839.4199,27
1114,30993.7926,87858.0499,63
1115,32034.5924,86294.1326,92
1116,31388.2229,86418.0135,73
1117,33054.8446,85330.7802,98
1118,33808.4417,87587.5123,31
1119,33938.9883,86679.9934,76
1120,34796.4704,85741.9169,20
1121,30745.4663,88076.6667,41
1122,34204.54,86494.1552,88
1123,33301.2243,86983.3258,30
1124,34084.268,87699.1902,43
1125,31964.8729,87640.0017,29
1126,34319.2609,86513.8782,10
1127,33251.2251,86202.4731,98
1128,33515.6628,87014.9948,15
1129,31181.843,85468.267,46
1130,31451.2783,85871.3302,61
1131,34151.4844,85918.026,35
1132,34422.3175,86931.395,53
1133,30724.0789,88370.0114,38
1134,31888.7691,85704.1124,78
1135,31639.3291,85878.8344,31
1136,31712.6588,88056.3959,81
1137,34097.8754,85674.4083,93
1138,31623.2201,85768.5533,67
1139,31804.885,85163.8211,15
1140,34662.3129,87287.2421,95
1141,34624.8137,87344.1881,71
1142,33929.827,87678.6301,67
1143,31715.1652,85424.3829,59
1144,31776.5447,86128.5674,78
1145,32266.5312,87625.2826,97
1146,32185.147,85818.0079,79
1147,32204.5875,86283.8556,65
1148,34839.5309,87355.5766,11
1149,31362.1128,88248.6215,55
1150,32065.9787,87143.0433,51
1151,32712.351,86318.306,50
1152,31618.7713,87876.6673,25
1153,32955.6792,85760.5146,65
1154,32203.2004,88020.294,62
1155,34898.1432,86733.6098,25
1156,30718.8003,88090.8335,84
1157,31912.9297,88309.4648,77
1158,34744.8092,86251.6512,72
1159,33970.9364,87773.6343,46
1160,31406.5612,85256.5997,90
1161,34750.9176,86077.7591,91
1162,30421.864,87836.3798,17
1163,33244.8371,86955.5471,16
1164,32424.0286,85691.6195,17
1165,33662.6065,87086.9428,36
1166,32339.3048,86879.7072,84
1167,31520.4477,85191.3208,54
1168,32698.7415,85847.1813,25
1169,32988.181,87915.016,49
1170,30565.4726,88343.8978,22
1171,32982.6222,86680.8173,78
1172,34202.8739,86566.658,38
1173,34401.7589,86449.1538,33
1174,33002.9009,85522.7303,97
1175,34473.7035,86621.9379,19
1176,32144.316,85714.9495,14
1177,33005.3986,86359.1426,90
1178,34984.805,87506.6904,82
1179,33387.6113,87072.2172,45
1180,34467.3167,86940.5623,24
1181,33470.6617,86513.3163,24
1182,33166.2279,86761.9312,98
1183,31029.9023,87861.1057,48
1184,34994.5282,86988.8962,50
1185,32265.9821,85164.6583,64
1186,32549.8553,87270.5526,32
1187,32035.7048,87659.448,53
1188,34241.7649,86866.1139,36
1189,31828.4857,87321.6563,18
1190,34482.0394,87653.9185,75
1191,32397.6372,86528.309,26
1192,32674.8523,86450.8091,11
1193,31436.2772,88028.3358,52
1194,31540.717,87791.108,54
1195,31209.6176,87218.3092,88
1196,32586.7991,86209.1353,61
1197,34014.5417,86059.14,48
1198,33814.2682,86809.4394,33
1199,32311.8111,85553.2815,63
1200,32408.1926,86467.7519,59
1201,34918.1425,88064.203,25
1202,34328.1465,85573.851,71
1203,31260.4534,85273.2658,85
1204,31150.7299,86116.3325,66
1205,33088.1773,85339.3917,32
1206,34111.2099,86799.4437,48
1207,33490.3842,86865.8244,65
1208,33528.7173,86925.8263,48
1209,33649.2731,87068.6089,82
1210,33396.7769,86971.3818,64
1211,34238.7103,86959.1727,97
1212,33713.9935,86987.4973,28
1213,33824.8219,85909.9683,71
1214,34652.5909,87249.7412,76
1215,34793.4208,87378.0776,92
1216,32648.4641,86599.4241,90
1217,31768.497,85152.4318,76
1218,34240.3722,86244.4229,80
1219,34888.141,87327.2421,44
1220,34121.489,87732.2476,89
1221,34653.1464,87528.6373,76
1222,34171.7619,86242.7561,74
1223,34130.652,85506.6259,52
1224,31316.0019,86328.5648,54
1225,34286.7649,87875.8658,17
1226,31608.2171,85998.0036,46
1227,33905.376,86110.2519,43
1228,33703.4423,87301.9472,68
1229,31556.2802,85179.6539,95
1230,34803.143,87578.9157,34
1231,31159.9003,85344.3773,78
1232,31027.6797,86610.5097,83
1233,33321.5007,86196.9178,54
1234,32529.858,85772.7338,82
1235,33374.2812,85399.673,95
1236,34627.8654,86274.4286,46
1237,34080.9299,86393.5951,55
1238,31543.7741,88277.7907,50
1239,32486.2491,88296.4183,100
1240,34954.8066,87670.0267,66
1241,31087.1222,85774.3782,67
1242,31021.2908,85892.7136,75
1243,31006.0136,85914.3805,47
1244,31267.3968,85376.0445,80
1245,31241.841,85483.2673,76
1246,31202.3992,85321.3217,80
1247,31209.8987,85351.3219,83
1248,31132.6787,85375.4887,99
1249,31212.6759,85407.4334,41
1250,31217.6767,85300.766,75
1251,31273.2298,85396.3225,25
1252,31261.8406,85466.6008,15
1253,31219.3422,85428.8225,76
1254,31241.8431,85239.6543,70
1255,31222.3972,85474.9339,44
1256,31137.9561,85398.8221,12
1257,33795.9434,88206.9781,50
1258,33793.7186,87978.6369,97
1259,33854.273,87974.1935,43
1260,33572.893,88202.8102,61
1261,33736.7779,88202.2549,56
1262,33678.4456,88172.2536,71
1263,34755.0883,87458.9134,18
1264,34762.5899,88005.5928,25
1265,34755.6439,87485.303,12
1266,34685.6465,87803.9217,65
1267,34729.8115,87634.1952,94
1268,34677.8684,87658.6404,17
1269,34582.0369,87547.2489,79
1270,34680.6462,87697.2524,65
1271,34645.0918,87791.6994,89
1272,34626.4809,87744.4761,75
1273,34700.0899,87612.5281,65
1274,31400.1669,86878.8593,28
1275,31483.4972,86833.3047,97
1276,31365.4462,86945.527,89
1277,31338.225,86939.6928,40
1278,31362.9465,86987.1946,29
1279,31429.3324,86845.2481,33
1280,31439.0544,86880.527,94
1281,31363.2232,86788.8559,98
1282,31496.5526,87096.3673,10
1283,31454.3314,86788.8584,90
1284,32301.5361,85197.9933,85
1285,32388.1997,85172.1598,60
1286,31308.5039,86483.2913,18
1287,31283.5021,86194.9489,45
1288,31394.0562,86588.8518,62
1289,31429.336,85674.3816,87
1290,31700.7124,87723.8869,90
1291,31934.8745,87754.7267,40
1292,31555.718,87938.89,63
1293,31628.7702,87785.2761,21
1294,31089.0674,87522.2064,81
1295,30998.7931,87456.9247,64
1296,31134.8985,87289.4214,59
1297,31011.2926,87511.0934,30
1298,31131.2877,87366.6463,64
1299,31009.9038,87473.0366,60
1300,32396.5293,85741.6203,55
1301,32321.8076,88285.861,28
1302,30890.7404,87753.0469,24
1303,30627.9695,87793.0465,68
1304,31164.0641,87786.3827,66
1305,30285.4794,87743.043,23
1306,30791.2988,87770.8248,90
1307,34148.7096,86808.3332,35
1308,34065.3764,86738.886,62
1309,31546.5505,86781.9162,62
1310,31822.9304,86835.5347,98
1311,33879.2672,86768.8841,22
1312,33777.3226,86629.1559,30
1313,33817.3222,86627.7676,64
1314,34009.2642,86447.208,33
1315,33854.2668,86683.8811,54
1316,33997.3197,86408.0398,85
1317,34052.8747,86363.0383,34
1318,33808.9887,86568.5989,54
1319,33842.0471,86924.9983,94
1320,34207.5958,86536.6568,24
1321,33891.7677,86820.2746,69
1322,33883.4331,86683.3259,52
1323,32069.0389,85940.2314,83
1324,32060.1509,85868.0074,53
1325,31957.0997,85755.2255,25
1326,32104.595,85724.9491,32
1327,32081.5402,85738.838,10
1328,31513.7755,85975.2232,41
1329,31487.9423,86074.6702,17
1330,31482.9437,85919.3877,64
1331,33297.3432,88221.6988,86
1332,33294.5641,88075.5811,48
1333,33261.7871,88095.0263,71
1334,33012.627,88285.3107,61
1335,33490.951,88275.8686,35
1336,33475.9505,88170.0306,98
1337,33430.6713,87873.9066,54
1338,33276.5077,87937.2418,69
1339,33347.3423,88230.5884,50
1340,33127.9013,88120.0262,52
1341,33308.4526,88059.747,68
1342,32894.0131,86031.077,65
1343,31917.6496,86899.9815,36
1344,31679.8801,86506.6353,45
1345,33399.0028,85373.5614,40
1346,33324.0047,85395.2281,74
1347,33456.7787,85445.786,42
1348,33339.0047,85312.7258,32
1349,33257.0619,85416.6172,16
1350,34553.7043,87556.6936,21
1351,34402.8739,87665.3065,58
1352,34555.6494,87763.0883,32
1353,34316.7636,87730.5849,40
1354,32174.5869,86671.9225,24
1355,32153.755,86479.1391,62
1356,31769.599,87000.2605,98
1357,32819.0154,86631.9261,68
1358,34638.98,87470.858,22
1359,34523.9829,87236.6854,68
1360,34556.4821,87276.6865,37
1361,34571.7595,87370.2999,85
1362,34648.98,87210.573,59
1363,34672.3126,87329.7432,11
1364,34525.3717,87205.8508,24
1365,34216.7608,85526.3491,84
1366,34245.9269,85643.0191,41
1367,34152.8739,85774.9668,16
1368,34047.321,85459.6797,85
1369,34170.929,85677.742,13
1370,34136.2077,85672.7417,88
1371,34182.0398,85718.021,58
1372,34136.2077,85705.5205,39
1373,34138.9852,85590.7949,66
1374,34488.419,85521.3505,63
1375,34255.6486,85469.4032,58
1376,34262.593,85590.24,59
1377,34166.7623,85578.2947,34
1378,34163.1514,85631.9073,13
1379,34187.5951,85622.1849,89
1380,34205.65,85489.1258,78
1381,34212.0387,85576.3504,81
1382,32524.5787,86204.1346,95
1383,32509.3013,86349.9719,91
1384,32575.6884,86185.2455,97
1385,32497.9127,86331.3602,60
1386,32532.9117,86384.973,42
1387,32680.6854,86156.9122,97
1388,32520.6903,86065.2413,50
1389,32550.69,85916.9041,40
1390,32445.4141,86341.0821,69
1391,32495.413,86188.3004,16
1392,32444.0257,86141.076,91
1393,32722.3511,86076.91,93
1394,32521.5237,85998.017,69
1395,32564.022,86233.3025,37
1396,32534.8561,86233.3022,75
1397,32428.4699,86408.8616,70
1398,32518.1899,86374.6948,40
1399,32662.0745,86247.4704,87
1400,32957.0675,85878.0179,29
1401,32716.2409,85851.9038,96
1402,32736.2406,85788.0135,33
1403,32970.9559,85897.1852,69
1404,32940.124,85750.5142,21
1405,32896.7911,85973.0199,53
1406,32919.5681,85971.0756,52
1407,32926.5127,85909.1296,86
1408,32866.7923,85864.6833,26
1409,32900.1246,85882.4619,69
1410,32886.2361,85869.6836,51
1411,32844.0151,85859.6829,46
1412,32873.7364,85878.5726,71
1413,32704.0195,85758.0125,54
1414,32945.1233,85915.241,79
1415,32762.0737,85619.1204,20
1416,32745.1291,85807.4585,65
1417,32979.8444,85929.964,20
1418,32551.5236,85848.5691,10
1419,32961.2337,85979.4096,88
1420,32826.2375,85941.3517,72
1421,32512.6359,87793.9007,25
1422,32341.8079,87780.5662,31
1423,33526.7808,87900.5748,97
1424,33545.6681,87730.291,41
1425,33630.6664,87805.5728,66
1426,33734.2753,87908.3556,57
1427,33539.5571,87686.4003,72
1428,33691.7761,87836.1303,54
1429,33696.4985,87902.7994,32
1430,33847.8836,87823.6329,73
1431,33878.1611,87891.4136,41
1432,34815.643,87154.1813,52
1433,34834.8106,86831.9464,15
1434,34753.7015,86795.2782,49
1435,34780.9229,86832.7797,100
1436,34827.865,87136.6805,19
1437,34854.5311,87101.4012,11
1438,34729.2574,86806.9453,53
1439,34889.8095,86817.2238,27
1440,34628.425,86915.8389,20
1441,34633.4249,86951.3959,32
1442,34278.9862,87721.4173,32
1443,34168.7105,87800.8617,18
1444,34254.2644,87789.4743,91
1445,32543.1926,85370.7788,38
1446,32573.747,85409.1135,48
1447,32565.9693,85434.9475,45
1448,32647.3561,85357.1677,88
1449,32610.6906,85356.8897,70
1450,32633.7447,85484.9494,84
1451,32620.1346,85375.2237,14
1452,32650.4113,85410.7805,18
1453,32610.4125,85424.3918,71
1454,32571.5242,85537.1727,50
1455,32664.5774,85427.17,32
1456,32677.355,85390.5023,75
1457,32619.5788,85412.7249,78
1458,32586.246,85523.5613,20
1459,32541.803,85500.7827,98
1460,32639.0226,85429.3921,92
1461,32597.6349,85454.115,60
1462,32632.0783,85449.9483,96
1463,32667.6333,85342.1673,83
1464,32564.5801,85488.2825,40
1465,32608.4675,85529.1172,36
1466,33138.4515,86979.1586,48
1467,33033.1772,87199.9972,91
1468,31929.8713,87023.5952,91
1469,32140.9777,87474.9984,84
1470,31975.9808,87035.5402,86
1471,31971.5365,86990.8171,21
1472,31993.7587,87206.9321,99
1473,31911.2614,87479.9955,72
1474,31241.8405,85630.4897,73
1475,31090.4597,85154.0975,35
1476,34909.8078,87024.1757,21
1477,32502.0859,85024.0998,86
1478,32435.6996,84997.1538,52
1479,32445.1435,85024.377,33
1480,33475.1165,88070.8592,99
1481,33303.7295,87949.4646,76
1482,31545.9964,88061.6715,11
1483,31566.8293,88323.6266,74
1484,31260.7317,88424.1826,63
1485,31472.3873,88153.3407,75
1486,31489.054,88368.0728,61
1487,32660.6882,87750.844,58
1488,32641.5219,87745.8439,38
1489,32559.8558,87548.6151,17
1490,34863.9683,85613.023,76
1491,34802.0251,85679.9702,70
1492,34813.9739,86115.2603,40
1493,34925.9148,85760.5285,63
1494,34570.0869,86171.0926,61
1495,34370.3745,86970.0073,69
1496,34449.2604,86758.8881,73
1497,34596.7589,86965.5633,95
1498,31771.8236,86008.2849,65
1499,31707.1027,86057.73,26
1500,31817.0998,86064.6766,90
1501,31745.4346,86103.8438,40
1502,31855.7105,86026.3423,97
1503,31885.9892,85884.3943,75
1504,31667.9374,86027.1725,36
1505,31859.0447,85946.3399,50
1506,31980.1497,88354.1913,28
1507,31891.819,88255.5724,65
1508,31796.8223,88237.5135,63
1509,32043.2035,88210.5749,32
1510,31699.3254,88265.2909,19
1511,31995.1493,88381.1375,55
1512,33114.0094,85500.7857,13
1513,33457.8901,85381.8954,30
1514,33386.225,85458.8415,57
1515,33392.058,85489.6757,46
1516,33465.9447,85517.7325,60
1517,33177.0642,85332.1697,79
1518,33135.12,85502.7303,66
1519,33301.5052,85425.5066,20
1520,33373.7254,85430.5073,92
1521,33454.0004,85549.9555,60
1522,33184.2856,85486.619,73
1523,33122.8983,85443.0062,59
1524,33234.0074,85341.3369,11
1525,33280.6726,85407.4504,69
1526,33471.5009,85348.2835,54
1527,33369.5576,85621.6238,64
1528,33353.4482,85429.3959,10
1529,33274.2835,85462.7298,100
1530,33135.6759,85418.561,41
1531,33327.06,85428.0069,67
1532,33362.8885,86861.9346,21
1533,33717.601,86591.6541,97
1534,33280.1143,87052.2161,51
1535,33602.881,86616.6534,42
1536,33662.6021,86595.2647,77
1537,33408.4433,86996.938,86
1538,33565.3858,87128.0533,86
1539,34018.7082,86268.0346,25
1540,34039.542,85926.9145,83
1541,34049.5411,86234.7002,70
1542,34038.9858,86294.9801,51
1543,33975.1,85790.2443,93
1544,34066.7632,86258.312,66
1545,34055.6522,86102.1968,22
1546,33968.9879,85884.6909,41
1547,34172.0392,85977.1941,13
1548,33863.9876,85984.6926,56
1549,33665.3807,85885.2444,10
1550,33936.2111,85813.3001,32
1551,33856.7662,85908.3018,22
1552,33765.3794,85770.7978,28
1553,33750.9342,85847.1885,84
1554,33652.3267,85751.3519,45
1555,33870.9332,85868.8566,65
1556,33690.3802,85864.4106,36
1557,33794.5448,85862.467,67
1558,33629.2716,85776.3523,57
1559,33846.4895,85809.6883,57
1560,33537.0496,86188.0302,25
1561,34804.2548,86998.6196,82
1562,34786.2009,86774.9997,53
1563,34798.1442,86943.8952,60
1564,34820.9211,86990.5637,67
1565,34780.0888,86980.8411,65
1566,34827.8647,87582.5266,98
1567,34837.0308,87517.5252,68
1568,34832.5867,87320.2979,42
1569,34873.6979,87797.8081,28
1570,34977.8613,87253.6286,40
1571,34948.1411,87868.9198,70
1572,34978.1387,87418.3549,83
1573,34891.7526,87685.0277,11
1574,34855.6421,87646.1386,23
1575,34927.0294,87669.4714,24
1576,33643.1663,87400.0038,48
1577,33637.6093,87281.9459,16
1578,33716.7769,87420.8385,51
1579,33632.609,87248.6119,32
1580,33663.9958,87119.7212,13
1581,33590.6653,87280.5564,63
1582,32353.4719,86415.5276,83
1583,32312.3619,86398.5822,77
1584,32248.1978,86218.0204,18
1585,32370.9726,86054.9609,27
1586,32309.5844,86344.6917,92
1587,32320.9738,86125.2404,78
1588,32347.9177,86074.1279,90
1589,32339.0285,86216.0771,30
1590,32367.3605,86399.4161,43
1591,32358.4725,86173.5759,24
1592,32240.4196,86346.6355,59
1593,32401.5266,86244.4121,58
1594,32378.4718,86194.4101,71
1595,32355.4164,86381.9155,70
1596,32294.0289,86468.3063,71
1597,32397.3599,86298.0248,89
1598,32437.081,86279.1359,30
1599,32075.7025,86258.8539,90
1600,32172.9217,86316.0786,87
1601,32343.1954,86129.9631,89
1602,32227.9198,86405.5261,92
1603,32247.0868,86182.7414,17
1604,32337.3612,86420.8053,50
1605,32395.9713,86208.8554,97
1606,32364.5829,86332.4698,65
1607,32346.8056,86369.6929,63
1608,32314.5841,86370.5259,22
1609,32112.6454,86402.7476,35
1610,31196.007,85924.9384,44
1611,30733.5221,88177.7809,22
1612,30648.8027,88277.7841,24
1613,30711.8561,88188.0588,51
1614,30951.2952,88339.4548,82
1615,30668.2462,88107.7781,34
1616,30894.6287,88123.335,61
1617,30721.8558,88139.4462,20
1618,30766.2992,88281.9515,15
1619,30582.1373,88101.3883,97
1620,30501.5861,88388.8994,40
1621,30798.7981,88121.3904,11
1622,30636.3028,88253.6161,89
1623,30983.5174,88406.9583,41
1624,30793.2432,88301.3971,37
1625,30711.8561,88247.2273,83
1626,30727.9667,88227.7824,99
1627,30995.4598,88237.5056,99
1628,30774.0766,88165.5584,70
1629,30700.1897,88200.8369,88
1630,30743.7996,88261.117,68
1631,30791.8539,88197.2261,26
1632,30857.1298,88146.6691,25
1633,30433.5309,88176.3902,56
1634,31027.9584,88193.3378,71
1635,31043.5131,88157.2258,73
1636,30773.2433,88086.9448,32
1637,30757.1325,88201.3928,70
1638,30597.4147,88108.3331,90
1639,30386.3103,88216.6691,24
1640,30755.7438,88159.7248,78
1641,30716.8561,88274.4509,92
1642,30471.0309,88356.9531,13
1643,30729.3556,88195.8369,34
1644,30779.3542,88229.1715,65
1645,30662.6908,88173.8914,23
1646,30780.7431,88147.2245,48
1647,31046.8464,88181.6711,74
1648,31067.9569,88234.4509,93
1649,30829.6305,88120.8348,14
1650,31018.236,88080.5563,68
1651,30596.8594,88175.0021,26
1652,30978.5153,88129.1688,28
1653,30841.8524,88070.8333,37
1654,33611.2141,86581.9304,77
1655,33813.9909,86849.9959,86
1656,33525.6653,87237.4991,41
1657,33613.9937,86890.2713,15
1658,33484.5529,87078.6068,14
1659,33617.6035,86767.7685,56
1660,33588.9945,86947.2166,18
1661,33384.8321,86850.8234,41
1662,33402.8894,87156.9412,33
1663,33568.1614,86937.7717,35
1664,33452.8896,87299.9999,47
1665,33349.5564,87024.9938,12
1666,32320.6947,87316.1068,21
1667,32329.305,86943.3199,81
1668,32214.031,87353.0511,70
1669,32113.1993,86992.7632,54
1670,32249.3078,87394.1638,11
1671,32202.6414,86997.2087,65
1672,32410.1365,86878.3191,37
1673,32404.3034,87051.1014,42
1674,33491.2176,86132.7504,91
1675,33580.1041,86186.9192,59
1676,33422.8862,86276.9208,10
1677,33568.4377,86174.9743,62
1678,33440.941,86311.3664,50
1679,33235.6699,86319.4205,34
1680,33599.548,86157.4739,72
1681,33565.1045,86199.1418,85
1682,33213.1705,86295.8086,57
1683,33277.6129,86431.0905,15
1684,33473.4401,86281.3659,90
1685,33139.8392,86384.4217,90
1686,33596.7704,86101.0833,79
1687,33689.5457,86193.8644,15
1688,33581.2152,86208.8643,54
1689,33425.9418,86182.4737,47
1690,33414.5531,86262.476,78
1691,33492.0509,86159.9735,77
1692,33392.8871,86314.4216,52
1693,33384.8319,86240.8084,58
1694,33276.7798,86229.1407,43
1695,33522.8834,86149.4177,62
1696,33239.5586,86283.3084,33
1697,33623.714,86024.97,21
1698,33513.9949,86057.7482,90
1699,33570.1044,86118.8615,89
1700,33266.7801,86241.6409,84
1701,33400.1094,86140.5279,74
1702,33463.163,86156.9176,66
1703,33452.8852,86286.6436,32
1704,34837.0316,87711.1401,93
1705,34829.8101,87870.0327,61
1706,34851.4753,87235.2954,88
1707,34836.4762,87732.8072,25
1708,34909.808,87743.6397,51
1709,34848.1429,87794.475,99
1710,32446.8025,87382.7765,80
1711,32269.8624,87181.9361,10
1712,34757.3108,87618.917,69
1713,34750.3667,87688.9185,71
1714,33207.3377,86759.987,50
1715,33317.612,86810.822,83
1716,33452.8849,86385.5352,54
1717,33280.669,86829.9889,98
1718,33077.8974,86816.6545,68
1719,33184.2831,86824.4328,100
1720,33379.2762,86747.2099,99
1721,33407.0529,86711.0981,59
1722,33227.8926,86682.7631,42
1723,33311.2233,86796.3773,19
1724,33329.2783,86821.3779,24
1725,33175.9503,86961.6583,48
1726,33209.0045,86820.8217,28
1727,33218.1709,86797.7657,90
1728,33232.0594,86853.8781,73
1729,34667.3131,86488.8778,30
1730,34806.4788,86617.2164,49
1731,34871.2,86590.2717,93
1732,34758.9797,86555.2694,12
1733,34777.3126,86640.2726,45
1734,34666.7578,86536.1016,51
1735,34730.6466,86711.1082,37
1736,34933.4199,86765.8332,57
1737,34729.2577,86532.4906,47
1738,34778.4234,86758.3323,81
1739,34758.9796,86669.4401,15
1740,34723.9799,86751.6653,69
1741,34598.7025,86579.7142,50
1742,34687.0355,86562.4916,53
1743,34818.4233,86505.5462,78
1744,34815.0899,86576.9373,40
1745,34707.3132,86530.5461,54
1746,34942.5883,86495.8252,56
1747,31344.6176,85323.5446,58
1748,32611.2429,86591.0903,82
1749,32665.1304,86538.5892,46
1750,32447.0805,86429.9734,94
1751,32702.3517,86493.866,12
1752,32657.075,86454.9758,32
1753,32463.469,86439.4183,97
1754,32350.1386,86455.251,26
1755,32350.1393,86197.7433,25
1756,32361.8052,86362.7484,98
1757,32357.639,86232.4668,71
1758,32313.4729,86433.5833,48
1759,32366.8049,86439.9729,58
1760,31989.8734,86087.1798,27
1761,32350.139,86295.8019,69
1762,33166.2309,87631.1195,51
1763,33192.8962,87429.1697,52
1764,33275.1172,87601.119,81
1765,33286.2256,87118.8844,49
1766,33235.6733,87493.8936,97
1767,33163.4525,87427.5029,26
1768,33197.8968,87610.8413,57
1769,33313.7276,87561.6733,38
1770,33520.1132,87613.8973,86
1771,33379.2822,87600.0077,15
1772,33222.34,87445.0035,30
1773,33152.0646,87615.0079,47
1774,33368.7268,87590.563,85
1775,33371.2267,87562.7843,49
1776,33270.3948,87493.338,35
1777,33293.4501,87543.895,11
1778,33400.1152,87567.2288,53
1779,33316.7832,87601.3967,80
1780,33260.9507,87589.452,43
1781,33404.2818,87611.1192,96
1782,33130.6759,87481.6709,51
1783,33350.1162,87747.2348,20
1784,33441.7812,87569.4509,56
1785,33072.9003,87698.6208,53
1786,33260.3928,87079.9945,55
1787,33127.6205,87518.6162,41
1788,33247.8949,87446.1146,12
1789,33250.3951,87508.3385,12
1790,34748.6937,85899.977,44
1791,34721.4721,85932.4776,50
1792,34662.0288,85972.7557,20
1793,34635.363,86024.979,96
1794,34597.0303,86057.4792,68
1795,34610.6412,86028.8676,79
1796,34599.2523,86004.9781,58
1797,34586.7525,86013.0337,28
1798,34567.8645,86126.9249,23
1799,34555.0866,86074.4235,30
1800,34530.0869,86091.3682,83
1801,34546.7535,86106.9242,31
1802,34763.9774,87173.6267,43
1803,34771.4772,87194.7386,80
1804,34820.6427,87231.962,79
1805,34490.9234,86417.2087,39
1806,34437.0335,86216.6476,90
1807,34368.7021,86252.2028,56
1808,34360.0921,86348.5948,26
1809,34322.5926,86302.2039,71
1810,34314.8155,86376.9287,67
1811,34476.2,86309.1505,58
1812,34445.923,86317.2059,55
1813,34413.9796,86338.0395,46
1814,34482.0322,86220.8151,68
1815,34491.1987,86196.0924,25
1816,34508.9762,86179.4255,82
1817,34129.2624,86240.256,100
1818,34019.543,85869.9686,58
1819,33982.0419,86266.09,52
1820,34105.6516,86258.3121,61
1821,34104.2626,86099.9747,39
1822,34176.2062,86198.5884,45
1823,34091.7628,85993.0275,71
1824,34008.4309,85988.8603,71
1825,34149.8174,86094.9747,70
1826,34032.0414,86091.6409,48
1827,34050.6526,85973.0268,20
1828,34177.8725,86030.2511,83
1829,34098.7072,86186.0879,74
1830,33995.9307,86323.5922,87
1831,34002.0428,85918.5808,55
1832,33927.8764,85947.1921,66
1833,34001.4863,86127.1972,69
1834,34113.9847,86156.9205,21
1835,33974.8198,86172.1983,67
1836,33988.9864,86108.3078,74
1837,33773.7119,85840.2441,84
1838,33796.7679,85787.4652,44
1839,33712.6005,86088.8614,93
1840,33890.3765,85963.0256,53
1841,33870.9344,85751.9092,90
1842,33750.9327,86044.138,57
1843,33311.2229,86587.4835,38
1844,34107.0407,86365.2608,96
1845,31115.4545,86486.0642,85
1846,32064.0405,85770.5052,77
1847,31318.2254,87120.8086,97
1848,32441.8028,87495.2792,90
1849,32454.3027,87520.8356,38
1850,32388.1933,87511.1126,40
1851,32532.0782,87440.2786,81
1852,31416.2811,85527.4364,62
1853,31419.0547,86167.7278,99
1854,31321.2806,88188.619,75
1855,34398.978,85672.1876,38
1856,34221.7608,86081.9191,41
1857,34695.6376,85669.4135,31
1858,34658.1386,85693.5805,98
1859,34397.5897,86016.3645,61
1860,34263.9821,85860.5251,10
1861,34296.759,85885.2483,83
1862,34287.5925,85994.14,57
1863,34427.0329,85728.5783,24
1864,34444.2547,85719.6893,43
1865,34446.755,85904.1396,44
1866,34726.1918,85616.6344,55
1867,34351.4798,86000.8078,19
1868,34462.3102,85952.7525,73
1869,34438.1444,86052.477,52
1870,34424.2556,85873.305,76
1871,34581.7507,85626.6327,61
1872,34635.084,85767.1936,90
1873,34714.2484,85680.8031,60
1874,34268.1488,86076.3638,99
1875,34479.8095,85856.6385,58
1876,34365.9237,85815.8026,60
1877,34208.7053,86045.5294,64
1878,34317.8696,85762.1895,81
1879,34573.4185,85775.2483,22
1880,34579.5282,85590.5204,57
1881,34459.2542,85711.6337,69
1882,34416.4781,85952.474,70
1883,34847.8575,85623.3012,72
1884,34292.5925,85787.7456,46
1885,34602.3063,85699.1353,77
1886,34315.9251,86029.419,17
1887,34312.8699,86077.4757,82
1888,34638.4168,85714.6919,16
1889,34483.1427,85820.5262,29
1890,34440.0884,85833.8595,63
1891,34286.4816,85749.4111,65
1892,34435.3657,85635.2424,31
1893,34494.2536,85847.7494,88
1894,34560.0842,85580.7976,92
1895,34234.5381,86016.9176,51
1896,34655.36,85600.5218,45
1897,34341.4802,86091.3653,52
1898,34587.8624,85726.0803,99
1899,34697.581,85580.2439,27
1900,34562.3077,85812.4715,61
1901,34649.5273,85663.0238,13
1902,34218.4274,85949.4159,18
1903,34729.2559,87604.1946,60
1904,32848.7374,87164.9961,32
1905,33007.3447,87282.4991,55
1906,33205.3951,85691.6251,44
1907,33257.3377,85749.4048,19
1908,34545.9261,86851.3919,14
1909,34333.4292,86800.834,82
1910,31600.1655,85718.8298,88
1911,34317.3195,86915.2828,73
1912,34656.758,86879.1707,48
1913,33344.8348,87086.6618,13
1914,34191.2109,87621.968,94
1915,33039.0099,86908.879,99
1916,32474.5795,86891.6536,63
1917,34833.4158,85872.7543,72
1918,31305.1699,87701.1037,29
1919,32942.6233,86680.5393,31
1920,34093.991,87063.0624,15
1921,31421.5586,85574.6589,46
1922,31427.9433,87341.3731,81
1923,34523.1491,86970.2859,45
1924,34782.8656,87346.1323,75
1925,32545.4112,86894.7097,66
1926,31433.4985,87401.375,86
1927,34947.3065,87194.1821,100
1928,31102.3998,85696.8778,45
1929,34143.9848,86378.8725,70
1930,32432.0861,85246.0519,54
1931,32395.6931,86395.5275,96
1932,32241.8146,85416.3327,88
1933,31220.1734,87461.9291,49
1934,31826.5412,87381.9355,99
1935,32706.7998,87995.2948,10
1936,32416.2501,88240.3044,83
1937,32828.4597,86786.6527,94
1938,34455.3732,87753.9211,44
1939,31509.0521,87894.4435,41
1940,32959.8451,86746.6522,39
1941,34088.9879,86796.6657,99
1942,32584.0214,86897.4878,38
1943,34718.1455,87001.6756,30
1944,31869.8807,85718.8346,61
1945,31109.0684,85370.4886,17
1946,33773.4352,86813.8832,96
1947,31216.0045,86171.0579,61
1948,32740.1287,85969.1293,40
1949,33334.0001,86298.8652,65
1950,34534.2584,86604.1596,40
1951,34334.819,86903.3379,62
1952,34390.9232,85978.3077,90
1953,34834.2549,87980.8687,76
1954,31965.7055,86284.4093,49
1955,34273.4262,86033.3073,92
1956,32140.4241,88080.0171,83
1957,32162.3666,86268.577,21
1958,33548.1597,86544.4288,79
1959,34179.8177,85761.3555,77
1960,34700.923,87528.9151,44
1961,31299.6162,85777.9914,35
1962,31825.7082,86701.3649,15
1963,34765.09,88039.2048,63
1964,32306.2535,87798.0665,47
1965,31926.8218,85864.1166,62
1966,34590.6483,87676.9745,46
1967,32584.3025,88187.2475,15
1968,34811.7537,87410.5783,11
1969,34935.641,86951.673,52
1970,33200.3936,86781.6541,47
1971,34068.7117,86916.1134,16
1972,34860.9202,87756.6962,17
1973,33806.2171,87143.891,49
1974,32423.7482,86226.3563,53
1975,34903.4209,86714.1648,45
1976,32135.7021,87668.0606,91
1977,31191.2845,88007.4999,79
1978,34722.3135,88103.3734,45
1979,31139.3439,85519.1005,84
1980,32328.4723,86511.0857,97
1981,32448.469,86921.0985,48
1982,34767.0345,88068.3721,28
1983,32953.4565,86829.9877,20
1984,33791.7673,86686.1023,52
1985,34018.4322,85834.9678,95
1986,34769.8119,86430.2662,43
1987,34116.4858,85459.68,26
1988,33139.2852,87089.1613,57
1989,31266.2818,88031.3903,80
1990,34397.5896,85894.6942,62
1991,31617.6615,88398.631,51
1992,31930.4297,88458.9178,32
1993,32346.8066,86094.4063,74
1994,30662.6907,88088.333,66
1995,31319.0612,85493.8239,59
1996,32725.4066,86483.8659,44
1997,33054.5664,85484.6738,29
1998,32382.9163,86174.1318,100
1999,30440.4749,88105.8323,26
2000,31538.2175,87278.0399,34
2001,31527.9399,87324.7077,82
2002,34786.479,86713.8863,46
2003,31903.4833,86881.9254,78
2004,30565.7487,87901.6599,54
2005,33053.4574,87994.7416,54
2006,32437.9168,87996.1285,57
2007,34389.2583,86369.1513,57
2008,33734.5495,85386.0654,28
2009,31902.0992,85940.7848,42
2010,31385.7239,85929.3861,58
2011,33648.9919,86768.6023,74
2012,33562.3346,87657.5106,100
2013,32593.1884,87532.7815,50
2014,31421.8379,85337.712,18
2015,32560.6908,85672.4538,57
2016,32750.6859,85436.3373,39
2017,32990.9554,86758.8749,98
2018,31920.9828,87082.7629,19
2019,34581.2036,87523.6371,76
2020,32573.7438,86600.8126,10
2021,32437.6381,87773.622,95
2022,31471.5529,87342.2072,58
2023,33948.1537,86472.764,72
2024,31958.7639,86005.5095,12
2025,32306.2505,87245.5492,79
2026,33432.8861,86859.435,86
2027,31459.0576,85640.4932,19
2028,33738.712,86646.1003,79
2029,32561.8033,85344.667,70
2030,33761.7701,86935.5525,12
2031,33700.6664,87454.7278,39
2032,34393.1453,85873.0269,94
2033,32279.5864,88120.021,27
2034,31007.6815,87627.209,52
2035,31514.0509,87493.3234,25
2036,31947.6561,85705.2243,79
2037,31280.1692,86157.1697,23
2038,31584.6048,87259.429,54
2039,33232.6174,87423.614,39
2040,32265.9729,86788.5929,13
2041,30896.2959,87635.5427,82
2042,33227.345,88266.4225,72
2043,31311.5612,85552.9906,39
2044,31872.651,86991.0942,71
2045,34962.3078,86827.5021,31
2046,32067.9268,86059.6795,47
2047,32188.2071,85163.2685,31
2048,33490.9405,86970.2714,73
2049,31930.1513,88214.4609,73
2050,34321.2028,85820.8023,63
2051,32573.466,86551.9223,83
2052,33590.6631,87108.6088,67
2053,33540.1055,86868.8808,53
2054,34843.4203,86243.0408,45
2055,31757.3828,85817.4464,20
2056,34272.5971,86812.2232,92
2057,33639.552,87154.4436,50
2058,32022.6505,88031.4021,14
2059,32589.2989,87199.9956,62
2060,33042.0679,87768.9003,20
2061,32050.4258,86221.3524,30
2062,33992.3197,86149.1423,78
2063,33522.8885,85344.6728,35
2064,33431.2194,86201.641,52
2065,32114.0328,87054.9866,68
2066,33252.3377,87128.6067,36
2067,34880.6434,88076.704,19
2068,33151.2313,85372.1708,44
2069,32330.1388,86559.1426,75
2070,33984.5476,87708.6326,25
2071,33159.8425,85287.446,82
2072,32889.5681,86219.6936,12
2073,31568.2213,85768.5521,66
2074,34825.6425,87294.7417,81
2075,34699.805,85768.5836,99
2076,33679.8316,87781.406,34
2077,34562.3151,86991.12,91
2078,32189.0395,85317.9958,19
2079,31730.4339,86309.6846,35
2080,34342.0388,86610.271,80
2081,34836.7555,86412.2109,49
2082,34873.4193,87623.3601,88
2083,31629.6054,88020.0047,92
2084,31112.9539,86046.0518,17
2085,30388.8103,88258.3371,28
2086,34836.4769,86885.2818,76
2087,34362.3149,86423.5973,53
2088,32297.3697,85168.8255,54
2089,34578.9747,85986.644,46
2090,33830.378,86668.0469,66
2091,31909.5967,86162.4595,35
2092,34765.0887,87698.6407,61
2093,31875.9872,86079.678,60
2094,34462.5878,85879.6945,18
2095,32584.3037,85183.5507,27
2096,33824.8272,87086.1125,32
2097,33007.8999,87005.5481,65
2098,34323.7027,85967.1953,33
2099,30464.9187,88150.5561,44
2100,31690.9931,85960.5043,97
2101,32911.2377,87706.1206,41
2102,32590.9656,86432.1969,56
2103,33695.6646,87744.4604,25
2104,33219.5599,86889.7122,95
2105,31589.6041,87693.051,54
2106,33901.7738,88134.4776,90
2107,34900.364,87800.8633,82
2108,34917.5886,86505.8251,34
2109,33353.446,87127.7738,24
2110,32711.8,88238.9168,49
2111,31382.3897,88008.3347,17
2112,32536.2445,87179.7169,95
2113,32097.3707,87867.5103,78
2114,33121.5065,86443.3121,78
2115,31909.5978,87876.6735,14
2116,32535.9683,85893.2923,74
2117,34731.4787,86970.5632,23
2118,32217.3639,87196.658,40
2119,32154.3125,86111.3491,95
2120,34919.8083,86892.7821,31
2121,32676.2434,85486.3385,57
2122,31913.4859,87735.8367,85
2123,32915.6796,86715.8178,98
2124,34863.1415,87337.7982,43
2125,33818.1563,86742.7712,79
2126,34093.4341,86948.6147,97
2127,34135.0964,85571.9055,82
2128,31642.6585,87239.9851,66
2129,34756.4772,87529.1929,38
2130,34456.7601,86738.0539,36
2131,31305.1702,87502.2096,79
2132,34501.2035,86685.8295,74
2133,32568.4662,86948.8781,19
2134,32749.8505,86511.3668,78
2135,33757.0541,88108.9185,86
2136,31529.8866,85938.278,62
2137,34376.4873,88058.6497,67
2138,33384.5537,86411.9241,77
2139,32612.354,86902.2103,25
2140,31263.785,88344.7354,76
2141,33408.9993,87050.5503,18
2142,31441.8326,87993.6124,61
2143,33606.7709,86822.4918,25
2144,32362.0845,88278.0833,21
2145,32456.5255,86050.7954,83
2146,32937.6282,88203.0841,92
2147,32735.408,85579.1191,75
2148,32105.7038,87800.842,12
2149,33752.0457,85811.3543,99
2150,33917.0441,85855.2454,32
2151,33309.0047,85484.675,15
2152,34139.2645,86738.8865,62
2153,32717.6287,86184.1356,76
2154,31650.7136,87704.9967,60
2155,34092.8765,86774.4428,80
2156,32327.0827,86711.9247,48
2157,32365.4182,88090.2983,54
2158,31208.2304,85622.434,18
2159,33951.77,87034.17,68
2160,33078.7308,86881.6562,38
2161,33491.5026,87498.6149,61
2162,33928.993,87817.2457,87
2163,31833.2099,86148.569,88
2164,34595.0921,87472.8025,73
2165,34474.2596,86694.7188,83
2166,34530.9275,87724.1985,35
2167,34908.6978,87990.0343,66
2168,32245.9764,88379.4756,91
2169,31845.1547,86069.3993,80
2170,31925.1494,86840.2582,17
2171,33876.7686,86881.9424,47
2172,33886.7681,86848.3307,100
2173,33915.3792,86864.7205,14
2174,33277.8948,87548.6174,93
2175,33412.886,86695.5423,86
2176,33435.663,86673.8752,44
2177,33413.4415,86672.764,91
2178,33298.4464,86919.4354,45
2179,33289.0018,86788.5991,87
2180,33280.3917,86991.6592,72
2181,33347.3336,86896.9353,60
2182,33336.2228,86879.7126,60
2183,33277.8916,86945.2693,46
2184,33352.0554,86844.4341,13
2185,34274.8197,87700.5833,39
2186,32582.3594,85164.1056,53
2187,31243.228,85884.9378,50
2188,33404.0067,88084.7485,90
2189,31244.6142,86198.2817,79
2190,34725.3657,86303.041,51
2191,33965.6594,87914.7494,29
2192,34672.3086,86188.316,18
2193,34973.6909,85671.0804,64
2194,32572.36,85138.549,98
2195,34660.644,86328.8745,66
2196,31407.1111,86612.1861,35
2197,34672.3069,86034.1463,17
2198,34157.8779,87667.2464,20
2199,31705.1564,87215.8191,71
2200,30642.6912,88083.3326,76
2201,32029.5905,87066.3746,26
2202,30362.9775,88114.7216,77
2203,32232.086,87409.9974,21
2204,34928.4179,87266.407,35
2205,32057.0922,87588.6126,100
2206,31781.2748,85302.1583,30
2207,34474.818,87866.4241,89
2208,32354.3047,87148.603,65
2209,31663.7769,85506.6063,38
2210,30315.4785,87729.4316,85
2211,33179.8392,86990.5478,51
2212,32077.9234,87281.38,33
2213,31582.3832,86257.1786,89
2214,31802.0976,86866.0908,80
2215,33891.7742,87526.1236,82
2216,34220.0942,85607.7402,36
2217,32609.0207,86368.0288,26
2218,32681.2413,86017.7412,91
2219,32947.9033,87666.9528,86
2220,30870.4631,87795.8257,60
2221,34303.981,85926.0828,83
2222,32608.1874,86395.8072,96
2223,31216.8416,88317.234,80
2224,32065.7023,86406.3586,84
2225,33728.717,87090.2772,35
2226,32032.0936,86159.1276,70
2227,34145.9285,85999.1391,81
2228,32729.2998,88314.4755,43
2229,32496.8025,87716.1204,14
2230,33915.1043,87741.6876,30
2231,30476.3084,88342.2303,90
2232,33225.1162,87126.3844,15
2233,31708.7681,87777.2218,20
2234,31498.7818,85150.7641,55
2235,34932.3102,86571.9384,99
2236,32062.6506,85894.9525,52
2237,31953.4835,86313.8546,97
2238,33998.1546,85866.3574,37
2239,34174.2634,86616.382,98
2240,31850.7084,86406.0788,52
2241,33854.2745,87567.5129,76
2242,34178.1508,85545.5161,62
2243,32014.8757,85746.0594,23
2244,32229.8651,88168.3554,89
2245,32033.4816,87565.2783,72
2246,31114.6218,87388.869,20
2247,30618.2476,87753.0454,71
2248,34120.3748,85769.411,72
2249,32437.358,87238.8839,99
2250,30694.3566,88043.0541,66
2251,32745.4071,87415.8353,32
2252,33324.0049,85359.116,76
2253,34537.0339,86394.4307,99
2254,34910.0883,86427.7677,39
2255,33037.3435,85774.1266,41
2256,31010.1815,87564.7066,94
2257,31493.2194,86931.6407,97
2258,34588.1461,86458.8768,39
2259,31320.1688,86743.8535,95
2260,32470.9761,85000.7653,42
2261,32284.3084,86103.0169,77
2262,32035.9875,85588.8342,37
2263,31979.5943,87588.0561,84
2264,32165.4202,86911.9285,46
2265,33014.2923,88083.6344,35
2266,30474.0845,87919.1598,49
2267,34439.8202,88140.8747,19
2268,32685.1304,85943.0171,16
2269,32789.0195,85144.9395,80
2270,34027.877,85495.2362,100
2271,32287.9179,87371.3857,73
2272,32024.5922,86451.9153,82
2273,32632.9091,86129.6887,34
2274,32751.7973,87729.4547,18
2275,30545.1936,87902.7708,46
2276,32004.5909,87007.2065,74
2277,32426.5296,85445.2245,29
2278,32584.0214,86344.6945,59
2279,30698.5231,88138.8905,73
2280,32079.3213,85336.8836,69
2281,34392.0405,87726.4193,22
2282,33210.6715,86930.2687,57
2283,32055.427,87709.1722,33
2284,34417.867,85986.9195,83
2285,34522.3164,87628.6402,41
2286,31555.7175,86303.5686,82
2287,32106.2629,85579.1128,20
2288,34681.2012,87406.1342,39
2289,32273.4727,86746.9252,95
2290,32400.4163,85998.5706,67
2291,34568.9732,85614.9654,89
2292,32071.5381,87830.8423,28
2293,32808.185,87762.5111,45
2294,31824.322,88132.2336,48
2295,32543.7448,86211.9127,78
2296,31853.2097,88188.6248,63
2297,31405.7249,88429.741,72
2298,31294.6148,86872.1898,20
2299,31386.5557,86769.9672,52
2300,31778.765,86815.5338,55
2301,34579.5371,87266.1306,76
2302,32398.4785,85009.9316,63
2303,33815.3861,87356.9508,40
2304,33666.776,87302.2245,39
2305,32509.0233,86987.49,94
2306,34581.7593,87045.8443,95
2307,34759.2468,85614.1347,37
2308,34779.2468,85626.3572,48
2309,31219.6171,88148.6166,24
2310,32925.957,85938.8526,69
2311,31339.615,85809.3819,75
2312,31368.7807,85840.2167,84
2313,31324.8925,85882.1614,42
2314,31379.3358,85861.8841,58
2315,31305.1712,85840.2155,98
2316,31347.6699,85859.1057,63
2317,31363.2263,85713.8251,36
2318,31339.6152,85787.9925,53
2319,31341.0043,85765.2141,65
2320,31060.4573,87059.9683,62
2321,34049.2654,85548.5711,53
2322,33360.9433,86481.6481,85
2323,33650.6627,85407.4538,74
2324,32739.5731,86832.7647,88
2325,34077.5979,85487.7362,10
2326,33158.7287,86996.6591,35
2327,32768.462,85738.568,57
2328,31635.7211,85611.0515,45
2329,30777.4099,88023.054,97
2330,34851.4761,86973.8962,64
2331,34343.1472,86215.8127,23
2332,32510.4136,87764.4553,74
2333,34427.8704,86541.9347,81
2334,32786.7977,87975.8499,85
2335,34877.8611,85959.4239,11
2336,31464.0524,87753.8838,25
2337,32026.5411,85850.5066,59
2338,33146.508,85621.6228,82
2339,33670.9447,87531.674,88
2340,34893.1406,87473.357,58
2341,34398.7046,86610.2709,72
2342,31712.3812,88413.9104,43
2343,32557.0792,87767.5111,28
2344,33995.3815,87098.6169,66
2345,33681.7681,86530.5409,61
2346,31569.3334,85595.2169,48
2347,34959.8057,87429.7442,65
2348,33371.4987,86402.4794,19
2349,31867.929,87420.8262,60
2350,33020.9548,86919.4347,66
2351,34285.3722,86459.4317,93
2352,32667.0772,85452.4485,36
2353,31595.7153,87329.7088,73
2354,33731.4895,86563.5978,11
2355,33128.7321,85290.7793,65
2356,31191.0087,85593.8228,49
2357,34858.9748,86169.4283,12
2358,34017.8776,85733.8542,45
2359,31651.8269,86004.1158,74
2360,34836.7563,86542.2142,34
2361,34560.3618,85553.019,43
2362,33419.2754,86166.9176,28
2363,31551.8344,85452.4372,14
2364,31454.6085,87634.7145,71
2365,31542.6668,85674.3837,86
2366,32705.6859,85815.7917,43
2367,31221.2838,87304.4234,19
2368,33195.3973,85293.8353,73
2369,34514.8161,87018.0657,51
2370,34932.0274,85913.0338,88
2371,31464.6097,88032.225,40
2372,32009.0463,85311.0485,51
2373,34111.7631,85889.6917,32
2374,34649.5264,85565.2427,82
2375,31757.6636,85581.0531,37
2376,31999.3199,85853.5618,18
2377,32697.0772,85267.4429,43
2378,33365.6744,88119.75,17
2379,33212.0659,88100.0261,74
2380,31051.0121,86582.7318,54
2381,33339.0068,87960.5763,47
2382,33616.4966,85474.6772,78
2383,33124.5632,87057.216,88
2384,31895.4374,85523.5535,78
2385,31843.763,87356.1018,10
2386,34545.0862,85933.5863,99
2387,32956.2329,86260.2508,11
2388,32259.3067,87008.3208,95
2389,33343.7222,86149.4166,57
2390,34429.5319,85508.572,77
2391,33275.6711,85669.4025,74
2392,32627.9092,86849.9867,14
2393,34688.7016,87001.3979,26
2394,33193.4506,87176.3856,38
2395,33282.6174,85306.3362,73
2396,31614.05,88166.3981,42
2397,34646.4798,87497.5254,31
2398,32613.1897,87829.1795,61
2399,34665.6483,88113.9295,78
2400,34745.0835,86021.3691,26
2401,32868.1823,85526.6185,33
2402,31210.7291,87738.3262,82
2403,30742.1332,87924.1622,62
2404,32309.3062,87383.6085,64
2405,33209.0056,87143.3292,13
2406,33370.9451,87076.1061,79
2407,34237.0384,85720.2434,89
2408,33073.4524,86478.035,51
2409,34545.6482,86781.389,61
2410,31570.9955,86067.1718,23
2411,33163.4509,85827.4622,37
2412,34007.0444,85439.9567,12
2413,33273.4465,86301.3648,90
2414,34108.7082,85580.239,61
2415,32544.5778,86828.3189,36
2416,33781.7683,85761.3533,55
2417,31526.8295,87032.1995,74
2418,31201.0074,87603.0443,49
2419,31875.9924,85642.4444,78
2420,31467.9429,86481.9065,17
2421,33022.9003,85561.3426,11
2422,31573.4945,86976.9216,59
2423,34602.3071,85856.3625,20
2424,32817.3508,85404.67,23
2425,31510.1634,86573.299,87
2426,32994.8435,86084.9685,45
2427,33104.8463,88141.9715,49
2428,34160.3737,86430.2635,59
2429,34195.9284,85777.7448,12
2430,32548.7464,85756.6224,40
2431,30738.8001,87867.4939,46
2432,34596.4737,85784.4156,22
2433,34000.9357,87745.3009,13
2434,33182.6192,85441.6176,26
2435,33591.2216,87340.5576,13
2436,32097.9276,85848.2852,41
2437,31803.4934,85760.5012,33
2438,34867.589,86455.5456,61
2439,31010.4583,88024.1655,16
2440,34503.1438,86303.8729,20
2441,31793.2092,87248.5985,63
2442,31540.7182,86178.5637,39
2443,34430.0877,85551.3511,39
2444,32328.1945,86536.9197,50
2445,32580.4112,85938.8493,73
2446,34567.8691,86540.8237,35
2447,34579.8103,86301.9289,30
2448,32561.2449,85962.7387,62
2449,32946.5131,85638.2887,24
2450,32385.4176,85884.4011,77
2451,34870.637,85745.5281,91
2452,34493.1432,86244.1492,30
2453,32163.479,86083.0148,35
2454,34876.4757,86934.1725,92
2455,32267.0852,87491.3889,34
2456,31632.3819,86189.122,82
2457,30927.406,87719.1569,57
2458,30857.1299,87866.1053,47
2459,32192.9223,86117.1829,54
2460,34078.4296,86064.9737,57
2461,34908.139,85960.5353,87
2462,34977.0297,86820.0019,67
2463,34365.097,86996.3972,44
2464,34599.533,86340.2632,43
2465,32612.6332,87669.4525,91
2466,34383.9828,86638.6054,95
2467,34857.5881,86795.2785,79
2468,32286.2513,87440.832,50
2469,33241.7826,87158.0519,32
2470,34061.7649,86669.4388,20
2471,33296.5012,86399.7009,94
2472,32994.5679,85433.0053,32
2473,31671.2685,86712.1955,34
2474,33903.9874,86494.7087,65
2475,34913.974,87202.7937,13
2476,34645.6458,86444.4323,83
2477,31161.8416,88114.4479,88
2478,34446.7537,85523.8504,97
2479,32620.1348,85337.167,18
2480,33372.0559,87048.05,59
2481,31388.7777,87788.8843,88
2482,34082.5967,85931.3593,69
2483,33089.0102,85450.784,56
2484,31729.0465,87893.0585,26
2485,32016.5396,87750.5619,97
2486,31450.7211,86447.7382,69
2487,34475.0941,86896.116,22
2488,33113.1738,85987.4665,29
2489,31997.9255,86701.6448,15
2490,31591.5523,85893.2781,24
2491,34830.6446,86749.1655,29
2492,31945.1495,87438.3281,27
2493,31726.5536,85149.9315,72
2494,31394.8889,86693.2988,82
2495,33095.6752,87035.8266,66
2496,32600.6881,87478.0578,22
2497,34375.9234,85778.5794,72
2498,33758.1569,86753.3259,58
2499,31681.8242,86967.2021,69
2500,32264.308,87540.0017,32
2501,33168.4514,85705.7919,44
2502,34948.1374,85799.4186,94
2503,33455.1111,85592.4567,97
2504,31903.7681,85754.3913,40
2505,33222.6182,85455.7848,83
2506,34240.6492,85587.1841,67
2507,31834.6067,85280.4914,34
2508,34655.3685,87481.1361,84
2509,34453.4231,86335.5398,23
2510,34586.751,85673.3008,49
2511,31894.8728,87462.7724,13
2512,33329.2779,86383.0341,66
2513,32943.4558,86136.6361,89
2514,33667.6043,86910.5504,62
2515,34585.0932,87799.4778,73
2516,31038.795,85086.3188,26
2517,34871.1976,87018.3422,60
2518,32333.7525,85893.2894,80
2519,34505.6427,86050.2558,41
2520,30834.9084,87861.1051,68
2521,32213.7531,87289.438,30
2522,32816.7948,85535.2295,19
2523,31887.0959,87577.498,61
2524,33068.7333,85314.1131,66
2525,31900.4313,88076.1228,58
2526,31941.2639,86044.1219,76
2527,32178.2007,88422.2541,87
2528,31899.0402,86484.6932,10
2529,31467.3927,85290.4894,33
2530,31977.6478,87130.5419,15
2531,32855.6839,87788.3451,65
2532,32135.7014,86175.7957,29
2533,34541.7532,86019.6999,46
2534,34220.6553,87567.8004,27
2535,31660.1582,86938.8675,76
2536,32229.3101,88097.2417,29
2537,33923.1545,86587.4899,18
2538,34626.7584,86970.8412,10
2539,33283.1686,86763.5985,34
2540,33386.2301,88184.4752,45
2541,32932.6257,85301.8897,89
2542,32994.0119,85606.6216,88
2543,32362.3624,88174.468,19
2544,31517.6673,85694.939,67
2545,33331.2253,85630.7905,37
2546,33713.7208,87370.8375,29
2547,34140.0966,85759.1331,87
2548,32878.7356,86424.1433,85
2549,33426.4981,86971.382,74
2550,34250.9318,87625.8584,98
2551,33094.2881,85394.1157,90
2552,33180.951,87209.9975,16
2553,33681.4972,87232.7791,60
2554,31901.5394,87366.6584,48
2555,33583.4373,86090.8051,22
2556,33160.9519,87299.9997,77
2557,34365.0969,87832.2549,30
2558,31678.2152,88346.1286,74
2559,31432.1106,86469.6829,56
2560,31128.5135,85233.821,45
2561,32468.4729,85367.7226,35
2562,31151.8427,88258.6198,89
2563,30962.405,87676.0997,17
2564,31600.1664,85561.0504,73
2565,33959.265,86542.4888,26
2566,33285.3906,86657.485,49
2567,32909.2917,85696.6235,18
2568,34903.9709,85808.3078,50
2569,33530.9397,86958.8827,27
2570,32286.8088,88074.186,45
2571,34344.2606,86533.879,92
2572,31962.6506,88423.639,51
2573,32340.1386,87319.1627,12
2574,31352.668,87683.0481,45
2575,34612.8622,85768.5821,10
2576,32136.255,87235.2685,92
2577,31978.2047,86451.3595,100
2578,34045.3747,86335.2594,37
2579,31545.4407,88213.3435,35
2580,34542.8685,86468.8769,67
2581,30545.1943,87583.5952,82
2582,33323.4453,86865.8233,42
2583,34713.7006,87593.361,80
2584,31810.7117,88457.5258,62
2585,33677.888,87388.6152,74
2586,34303.1519,86784.4445,48
2587,31374.6114,86319.1211,19
2588,33300.39,86372.2002,89
2589,34910.086,86170.5399,18
2590,34900.0826,85883.5881,14
2591,31883.7647,88468.0838,59
2592,32997.9006,85655.2341,33
2593,32552.3553,86757.7614,17
2594,34202.5949,85764.4111,64
2595,31082.6787,87587.4864,25
2596,31927.9311,88016.3995,56
2597,32939.5728,88251.6976,86
2598,31238.2269,86044.387,29
2599,32774.5721,86721.3729,25
2600,33602.8883,87349.7245,83
2601,33957.8762,86562.2117,16
2602,34338.4245,85926.3611,29
2603,34560.9268,87728.9206,69
2604,34975.9211,86473.6028,23
2605,34033.1552,86795.5541,23
2606,34883.9776,86442.7677,12
2607,31642.6574,87510.8251,50
2608,33059.5669,85283.001,32
2609,34467.0314,85648.5763,49
2610,32867.9028,86023.2988,48
2611,33490.3842,86240.5316,88
2612,34961.4764,86573.3276,32
2613,32732.0769,87995.8502,13
2614,33193.4488,86274.4191,93
2615,34447.3109,86177.2023,73
2616,34207.3166,85902.748,80
2617,33665.6612,87023.6084,20
2618,33239.2838,87404.4469,35
2619,32369.8684,85007.7091,15
2620,34680.3682,87156.1263,58
2621,32682.6306,87405.8345,67
2622,31891.5398,86657.4756,46
2623,30248.8147,88074.9987,36
2624,30228.5373,88023.053,71
2625,33094.8441,87685.8428,25
2626,34767.3103,87418.0789,74
2627,33248.725,86553.0379,19
2628,31589.3272,87097.2028,96
2629,32729.0216,88061.9643,53
2630,33774.8214,86033.5823,13
2631,34987.3094,86249.1532,65
2632,32478.4706,85802.4562,65
2633,34766.7564,86877.7815,53
2634,32006.2611,86156.3494,84
2635,34371.2039,86454.1539,16
2636,31595.4415,85865.4998,92
2637,33032.6221,85594.1214,31
2638,34022.5995,85574.1273,86
2639,31445.4421,87693.3268,76
2640,31841.2731,85344.1041,49
2641,33349.2771,86460.8141,85
2642,33168.1718,86298.0308,28
2643,33156.7901,88183.3627,66
2644,31939.6023,85553.2767,30
2645,31046.0141,85438.8221,44
2646,30253.2585,87819.7124,84
2647,32350.9735,88223.6365,84
2648,30721.0232,87580.8187,47
2649,34698.139,85892.1983,21
2650,34835.6437,87946.1456,77
2651,31323.7826,85757.1579,33
2652,32093.4806,86156.0724,86
2653,33193.7282,85781.9054,68
2654,34362.035,85935.5284,76
2655,31763.2107,86527.7488,93
2656,34437.0407,87867.5346,10
2657,31937.097,87840.0066,95
2658,34246.209,87703.6385,66
2659,32994.2879,86387.4766,11
2660,33489.5558,85385.5069,69
2661,33083.7311,85783.8494,13
2662,34987.3057,85954.4243,62
2663,32437.9156,85933.8475,74
2664,32162.9204,86732.4798,71
2665,34989.528,87090.2889,48
2666,31612.104,86880.5315,26
2667,34127.5999,86906.1139,17
2668,34298.4252,85588.2956,78
2669,34971.4725,87299.7408,92
2670,33216.2272,87057.7717,65
2671,33800.0993,85967.1918,74
2672,34412.3102,85511.6276,48
2673,32220.9814,85501.3348,40
2674,32943.7366,87651.1191,80
2675,34486.7626,87924.2035,53
2676,30231.3147,87879.7145,63
2677,34436.2054,86818.6127,58
2678,34689.2577,86504.7116,53
2679,32664.5788,85171.3285,27
2680,32194.5898,87912.2352,82
2681,32299.8646,87727.7865,67
2682,32515.9702,87951.1276,22
2683,31713.2123,86520.5254,19
2684,31122.399,87223.0302,64
2685,32081.5365,87628.892,57
2686,32958.7351,85611.8992,35
2687,33095.9524,86806.932,78
2688,33202.6185,85480.2299,56
2689,34887.3046,85859.4206,37
2690,30903.5172,88050.8328,93
2691,33434.5574,85368.5615,26
2692,32034.3236,85227.7131,50
2693,31333.2246,88088.3374,82
2694,31502.9488,85072.7066,66
2695,32112.371,85908.8423,16
2696,34485.0935,86831.1133,42
2697,33875.9325,86568.8776,73
2698,31835.9854,86805.2564,91
2699,31929.5956,87628.0561,22
2700,33162.9,88063.0795,40
2701,33665.6638,87212.7785,22
2702,31098.5107,85799.9344,41
2703,30996.0141,85692.4329,74
2704,32451.5248,87474.7232,97
2705,33814.5528,87376.3956,92
2706,34938.9769,86423.3234,54
2707,33145.395,86604.983,46
2708,32925.4008,86361.3643,25
2709,34959.8064,87643.6373,26
2710,32092.0917,88442.2536,92
2711,32171.8189,85121.8779,73
2712,32545.6922,88224.749,70
2713,31815.1622,85531.6085,13
2714,34619.5294,85949.4211,28
2715,34963.4185,86887.2263,43
2716,34798.976,86253.3183,69
2717,33279.8402,87823.3485,79
2718,31369.6119,87599.4351,72
2719,32191.8178,85232.4376,74
2720,32051.5403,85852.7292,86
2721,32525.138,85302.4433,39
2722,33632.0521,85382.7307,93
2723,34256.2061,86468.0432,21
2724,34374.5348,86047.4759,87
2725,32465.1373,85865.2353,43
2726,34384.5343,85846.3593,11
2727,31992.3739,87940.0102,90
2728,32018.4906,85164.0999,96
2729,31052.4002,86209.111,76
2730,32899.0135,86818.0428,19
2731,31079.6219,86416.0615,76
2732,34418.9778,85783.8577,82
2733,32266.8098,87688.896,44
2734,34547.5881,86304.9843,95
2735,34275.0927,85623.0187,27
2736,34916.196,86088.0384,52
2737,32252.3649,88100.8534,71
2738,33779.266,85979.4141,70
2739,34639.8137,86929.1728,86
2740,31707.1013,86365.2417,53
2741,31574.0513,86000.2251,25
2742,31956.8171,88315.0219,48
2743,31910.1577,85665.223,12
2744,32644.8552,85573.0074,35
2745,32712.9085,85621.0645,39
2746,31278.2266,87153.3087,61
2747,31557.9428,85843.8317,82
2748,31332.3913,87514.1548,18
2749,34822.8671,86713.6087,77
2750,32026.264,85774.3935,40
2751,34977.585,86079.1498,87
2752,34705.0897,87226.9623,56
2753,33667.8823,86931.9397,50
2754,32562.9107,86639.147,93
2755,34960.9181,87751.6947,93
2756,32750.6854,85559.3964,69
2757,31893.2111,85904.1172,23
2758,34460.3745,88002.816,87
2759,32967.3447,86590.5372,35
2760,32980.678,86769.1529,65
2761,34627.5827,85581.6319,53
2762,31677.3789,87361.3775,47
2763,31323.7829,85655.2132,69
2764,31069.6227,85751.5999,66
2765,32837.3475,86334.4184,63
2766,31952.6511,86174.6828,48
2767,33759.828,87109.167,18
2768,33120.1178,86543.5924,44
2769,34936.7549,86523.8815,71
2770,34387.312,85801.9135,72
2771,32757.0726,86701.9277,46
2772,33160.9499,86554.9818,12
2773,33734.5538,87359.171,18
2774,33667.6112,88040.5818,80
2775,32332.6409,88312.8067,38
2776,33799.2671,86667.2129,26
2777,34504.8094,86128.591,10
2778,33241.508,87887.5176,12
2779,31188.5083,87030.5256,55
2780,33283.7238,86449.7022,46
2781,33264.5604,87302.2221,84
2782,32992.3471,87790.5674,18
2783,34794.8056,86008.5914,92
2784,33609.5515,87089.1643,53
2785,34507.03,85611.6312,69
2786,34702.5899,87153.9039,75
2787,34515.0858,85669.6885,68
2788,33396.7806,85395.2287,27
2789,32522.6346,87596.3943,78
2790,33901.2104,85901.6353,72
2791,33381.4985,86327.4774,57
2792,34909.5311,86215.263,51
2793,31084.9003,87834.1611,100
2794,32324.3138,85102.1566,68
2795,33501.2164,86447.4816,38
2796,34725.9229,87093.0681,45
2797,33334.0019,87098.6064,93
2798,34168.4287,85856.6356,89
2799,33681.2176,85374.6755,72
2800,33588.4419,85432.7314,23
2801,33290.946,86188.0286,95
2802,33199.8417,85273.5569,58
2803,34955.9177,87065.566,72
2804,34739.5331,87416.1344,46
2805,34844.2535,87140.8472,59
2806,31557.6619,86392.7388,14
2807,34207.5946,85830.2462,96
2808,31504.6086,87984.7237,37
2809,34576.7594,87291.6869,53
2810,33802.045,85838.022,81
2811,34107.8745,86515.8221,25
2812,32801.7957,85413.2813,16
2813,34827.8589,85714.4158,63
2814,34590.3706,87716.1423,48
2815,32483.749,88128.3561,86
2816,33158.7316,85259.9452,92
2817,34605.3703,87746.143,44
2818,31782.9414,85397.994,99
2819,33230.3931,86927.213,62
2820,34757.5885,87582.2495,78
2821,34752.8645,86231.0953,42
2822,34387.8681,86185.8127,26
2823,31730.9909,86053.8415,93
2824,32442.9173,85568.2834,46
2825,31808.4873,86247.4614,91
2826,32366.8079,85778.2873,95
2827,30617.692,88128.0562,100
2828,32197.0961,85034.9308,30
2829,31952.9316,85914.3959,55
2830,33230.6766,88093.9149,86
2831,32273.1979,86050.2371,42
2832,33124.5644,85552.1761,41
2833,31538.7747,85982.1683,17
2834,30500.7502,87924.4376,96
2835,31020.1846,85041.0404,30
2836,34050.3754,85899.4139,23
2837,32065.9791,86650.8103,30
2838,34253.1531,87731.4172,95
2839,34440.3663,85934.696,15
2840,34433.1442,85850.8044,56
2841,32888.735,86335.2522,93
2842,31075.7334,85952.4377,82
2843,31972.9271,87522.4982,62
2844,31992.6475,86803.8693,15
2845,33577.3314,85370.7853,76
2846,33744.8229,85881.0782,42
2847,30655.7466,87851.9371,27
2848,33198.7291,85584.1219,71
2849,31508.4952,87723.0502,10
2850,31440.9981,87494.4335,26
2851,31885.984,86746.3668,39
2852,33053.7349,87928.906,88
2853,33044.0089,86451.923,91
2854,32957.9022,85489.1179,58
2855,31090.455,85979.9385,94
2856,32434.3027,87324.9971,62
2857,34242.8718,86144.6984,73
2858,31092.4006,87480.5384,17
2859,32755.6848,85688.5666,94
2860,33161.7844,87043.6046,22
2861,31803.2095,86541.0828,49
2862,32437.9137,87295.8297,37
2863,33922.8761,86490.2644,13
2864,32265.4206,86003.8464,65
2865,34786.7511,86077.2038,89
2866,31603.7727,87987.5033,93
2867,33387.0552,87015.2716,20
2868,31992.3691,87021.3734,17
2869,32652.9122,88214.7489,98
2870,32846.5177,87842.2355,86
2871,33563.4372,86617.2085,36
2872,33107.8994,85235.7775,16
2873,32706.522,85149.6613,43
2874,32315.6966,86046.3487,93
2875,32523.4698,87921.96,55
2876,31808.4895,87965.5621,94
2877,31058.7887,86261.3348,21
2878,32619.3003,85632.4531,53
2879,32529.3048,85254.6641,69
2880,32067.926,86143.8495,33
2881,32666.8012,85146.8832,16
2882,33185.9507,85748.0156,79
2883,31349.0568,86736.9097,64
2884,33392.8961,88117.8056,93
2885,32740.1306,87683.3423,16
2886,34435.0891,86189.9802,25
2887,31593.2164,86402.4623,24
2888,31087.1234,85484.9336,12
2889,32694.0203,85602.4528,100
2890,31719.0451,87049.1494,83
2891,31885.709,87788.893,37
2892,32084.3125,87404.9955,27
2893,34739.8109,87441.6907,89
2894,31440.7277,85153.8197,26
2895,32156.5357,87785.5646,10
2896,32712.6331,88078.6317,94
2897,33402.3351,85543.844,50
2898,32442.6379,85897.4579,62
2899,32558.7441,86807.2073,44
2900,31279.6154,87633.8795,69
2901,34951.7548,86468.0469,36
2902,32246.2551,85937.7335,100
2903,32538.748,85413.28,34
2904,34881.7521,87428.9115,67
2905,31704.8788,86948.5911,69
2906,30854.3537,88397.5132,100
2907,32510.1394,85185.217,65
2908,33735.6571,86747.7699,86
2909,34969.5262,85800.5298,89
2910,34733.4236,86456.933,76
2911,33153.7315,85312.7246,88
2912,34843.9785,86518.3246,66
2913,34647.8619,85857.7521,60
2914,33426.5015,85493.2871,23
2915,33726.7671,85957.191,19
2916,31985.7076,87993.3446,66
2917,33106.5071,86508.5915,77
2918,33117.0641,85658.8459,65
2919,32344.5866,85736.0639,71
2920,32874.018,88079.744,97
2921,34728.424,88011.9821,23
2922,32709.5763,85372.4463,21
2923,34864.5333,86607.2166,16
2924,34544.2602,87324.4654,43
2925,33916.2109,86715.8276,14
2926,34457.0367,86556.6576,17
2927,31333.5021,87695.826,94
2928,33210.3928,86410.8117,42
2929,34440.6501,86866.6703,82
2930,34112.6024,87105.286,59
2931,31594.8829,86433.5747,45
2932,32459.5797,86776.3723,45
2933,34982.0292,87898.0866,21
2934,34645.6485,88050.5947,12
2935,31814.3197,87172.2083,77
2936,32009.5932,86289.1323,52
2937,32227.6439,88028.9059,100
2938,31727.6555,87260.5427,96
2939,32485.9678,87266.9407,50
2940,34555.0886,86337.4851,64
2941,34191.7617,86244.1451,41
2942,31914.5943,87178.0424,10
2943,33215.3928,86581.0939,56
2944,30809.9089,88004.7201,18
2945,31799.0425,87622.2194,100
2946,34282.3168,86494.433,75
2947,32819.8489,86837.2096,10
2948,32780.1291,85529.9514,74
2949,34242.5955,86533.3235,98
2950,34633.425,86761.388,40
2951,31540.4402,86341.903,26
2952,34584.8086,86106.9246,12
2953,34589.8144,86816.9459,64
2954,34393.1443,85520.2388,83
2955,32857.074,88101.1338,29
2956,34947.3094,86641.6629,66
2957,32924.017,88135.025,76
2958,31555.7179,86131.6181,38
2959,33433.1683,85433.5633,52
2960,31479.6086,87136.6459,30
2961,32827.9036,86111.0787,29
2962,34719.534,87659.4735,93
2963,32556.7997,87298.0533,66
2964,33282.3377,87285.8328,29
2965,32857.6262,85772.7363,37
2966,34856.4775,86724.1649,93
2967,34811.7564,86654.7177,39
2968,34043.1524,86111.6415,61
2969,32338.2025,85054.6549,34
2970,33850.1005,86745.2719,14
2971,34851.4758,87041.6766,28
2972,34514.5346,86438.0427,75
2973,30857.1298,88181.9479,45
2974,32622.3537,86545.5336,82
2975,34557.8708,87451.1352,48
2976,34657.3046,85629.4116,84
2977,32298.4755,88010.5727,82
2978,33013.7347,85238.8328,31
2979,31578.2168,86553.5781,39
2980,31762.1087,85374.3821,89
2981,32204.3123,87755.2866,87
2982,33318.448,85613.5678,100
2983,31944.8733,88396.137,81
2984,32963.4583,85234.9435,70
2985,34739.8028,85632.1907,19
2986,32592.3578,88056.9643,97
2987,34030.6549,85618.2953,34
2988,34828.9707,85777.1958,24
2989,34450.0964,87927.2585,66
2990,33141.2335,88038.6336,73
2991,33302.6169,85310.2254,85
2992,31327.6678,86287.1748,16
2993,31904.876,87933.8969,94
2994,34667.3132,86976.9524,72
2995,31063.7904,87223.8626,63
2996,31877.1056,85235.768,29
2997,31689.6101,85129.653,52
2998,34129.5407,85850.2464,68
2999,32029.8763,85628.5572,26
3000,33105.9519,86715.541,42
3001,31775.9863,87489.4373,90
3002,31997.6475,86752.4795,60
3003,32686.2412,87025.8253,39
3004,31876.2645,88374.4673,46
3005,33313.4455,86828.878,73
3006,33207.0639,85255.5009,36
3007,32638.7458,88167.8024,46
3008,34714.5352,86815.279,12
3009,32408.7475,86771.0939,43
3010,33739.5449,85910.5234,43
3011,32163.7604,85624.1145,100
3012,31757.378,87774.7226,54
3013,34120.9339,87836.695,36
3014,33143.1756,85454.1178,56
3015,31939.0384,87343.3247,20
3016,34730.3681,86877.5038,49
3017,33733.1664,87511.9517,65
3018,32815.6814,86227.7488,40
3019,31135.4528,86091.8869,54
3020,32291.2523,86158.2966,31
3021,32318.197,88077.2419,63
3022,32186.2622,85259.1051,34
3023,31616.8325,85606.8844,24
3024,31977.9337,85626.0564,84
3025,31657.6587,86507.1902,22
3026,34297.8762,87924.2006,59
3027,34038.1582,87951.1408,100
3028,33106.7853,85959.1324,93
3029,34856.1932,85820.8082,82
3030,32654.2973,86431.0862,78
3031,32769.851,85704.956,54
3032,33467.0563,85411.0629,46
3033,31640.7143,87136.3716,52
3034,33942.8843,88152.2567,61
3035,33472.6111,85539.122,60
3036,32169.865,87178.6012,27
3037,31742.6552,87177.2079,56
3038,31168.785,86050.775,50
3039,34085.934,87747.5251,98
3040,33166.5098,87885.0167,84
3041,31996.8174,86118.2922,13
3042,33665.3846,85393.2869,47
3043,32921.7907,86794.7088,56
3044,33140.3995,87924.7401,52
3045,34571.4829,87918.0919,16
3046,34943.6942,85921.6452,19
3047,32458.4721,85615.7848,39
3048,34171.7676,87990.5889,24
3049,31117.3996,87529.4294,49
3050,34557.3176,88113.9299,39
3051,32272.3618,86888.5956,68
3052,33116.5095,85458.84,20
3053,32062.9259,87624.4472,97
3054,34058.7097,85636.6293,24
3055,34498.9758,85886.084,55
3056,34587.3112,86364.7081,94
3057,32154.5876,87168.6007,61
3058,32000.9867,85819.9499,70
3059,33277.3395,85352.4487,17
3060,34533.9751,85888.5846,46
3061,32965.6806,87655.8414,95
3062,32154.0328,87439.9974,40
3063,32134.3111,87403.6071,79
3064,32510.1354,87694.453,70
3065,31830.9952,85509.6637,17
3066,32467.3579,86342.7491,24
3067,34525.9204,86172.4811,53
3068,34525.0932,86894.7271,73
3069,32520.6943,85221.6073,45
3070,34714.2566,87056.6778,84
3071,31722.1001,86822.7551,48
3072,34990.3611,87609.4697,22
3073,32949.5671,86464.4226,87
3074,31612.3819,87137.4821,17
3075,34873.9716,85894.9773,71
3076,34348.9806,86267.4808,57
3077,33873.1551,85901.6352,83
3078,32134.3122,86223.2975,73
3079,33089.8434,85477.7293,62
3080,32029.8701,88271.1325,30
3081,33712.6065,87121.3886,49
3082,32195.6982,87381.385,71
3083,32217.9227,87869.7344,58
3084,33317.6119,86157.1945,90
3085,31554.0502,87283.8736,68
3086,34633.1471,87172.7937,15
3087,31578.2162,86691.6371,12
3088,34872.3092,87870.5877,94
3089,34318.4276,86533.6012,96
3090,31737.1092,85264.3794,78
3091,31396.8344,85960.7761,37
3092,33008.1818,88148.6376,74
3093,32657.9106,85518.006,27
3094,34646.2021,87362.2441,18
3095,30450.752,87811.9346,47
3096,31713.7668,87313.0436,70
3097,33939.8202,86023.583,13
3098,31600.9999,85528.8279,97
3099,31735.7116,86375.5207,52
3100,32151.5338,86229.9645,57
3101,31061.2906,87438.3141,70
3102,34596.7601,87916.7028,53
3103,33036.2336,85438.5612,92
3104,31116.5665,86999.1342,48
3105,31950.1521,88081.1242,34
3106,32078.4804,88366.4162,53
3107,31420.1657,87842.497,62
3108,31999.8703,87371.6599,46
3109,34679.5346,87344.4658,39
3110,32990.9554,86716.9293,82
3111,34528.4261,86805.8345,54
3112,33277.3358,86872.4898,53
3113,34562.8705,86920.5615,54
3114,33147.6207,87751.956,83
3115,34984.2542,86402.4901,53
3116,32647.9097,87575.0054,12
3117,32671.2444,87908.0705,81
3118,31892.6527,87711.6689,29
3119,32686.2428,85577.1743,43
3120,32183.1994,86271.6329,23
3121,31864.3202,87738.6133,75
3122,31439.6104,88189.453,91
3123,31853.485,87029.7059,83
3124,33167.8948,86866.656,79
3125,33430.1083,86250.2536,83
3126,30966.8486,88034.7212,63
3127,33678.1671,87498.0617,90
3128,34700.924,86878.3372,91
3129,33422.337,87605.2856,66
3130,33736.4952,87127.5002,25
3131,33590.1125,87491.9492,50
3132,31792.1078,85269.9353,18
3133,33220.9553,88169.196,39
3134,33764.831,87343.0603,62
3135,31877.3743,86331.0764,23
3136,34970.6396,87132.5129,79
3137,32793.1823,86369.9746,97
3138,31864.0402,87046.9285,64
3139,31666.8242,87273.0419,87
3140,32026.5424,85706.3365,85
3141,31699.3323,85211.8777,70
3142,31192.9521,85841.8806,75
3143,32444.8608,88264.4722,30
3144,34180.9284,85869.136,84
3145,31755.7103,87647.7747,98
3146,31915.4282,86605.2523,19
3147,32239.5858,87361.385,21
3148,33782.0454,86750.5486,40
3149,31217.9512,87639.1567,29
3150,34473.9858,88068.6511,26
3151,33389.8367,85306.3372,35
3152,33114.5634,87024.993,23
3153,34850.0868,87085.0116,91
3154,34908.1412,87705.5835,79
3155,33128.4508,86465.8127,94
3156,33135.1176,86686.6516,41
3157,31601.2711,86653.5812,35
3158,32185.7007,86066.3477,57
3159,32127.3697,87735.285,35
3160,33020.9559,85536.6197,25
3161,34835.0795,85603.3005,16
3162,31714.8794,86164.9565,94
3163,34715.0822,85734.1384,59
3164,31509.6073,86706.9134,48
3165,34278.9829,86365.8169,49
3166,34341.4798,85709.9661,62
3167,32888.7372,85558.5639,15
3168,33126.5083,85674.6797,99
3169,32422.9168,88267.5277,50
3170,31680.9926,88174.1767,92
3171,32667.354,85722.4557,51
3172,33324.5558,86708.8753,37
3173,33071.7873,85721.903,35
3174,34696.4711,85690.5255,51
3175,34022.0427,86636.104,46
3176,31993.4839,88100.0147,77
3177,32825.4052,85672.4555,93
3178,32699.5781,88310.0308,30
3179,33847.603,86955.8325,65
3180,33309.835,86952.4919,67
3181,34794.2554,87879.2002,19
3182,31977.9335,85650.2236,32
3183,31893.4874,88028.8991,76
3184,33038.7351,87875.5707,94
3185,31459.3359,85480.4921,99
3186,31711.8239,86181.9014,43
3187,34075.0971,85902.7475,47
3188,33074.564,86749.4305,40
3189,34410.3673,86038.3096,28
3190,33468.718,86842.4904,91
3191,32774.8491,86231.9152,47
3192,32517.9137,87813.6235,60
3193,33977.6054,87558.0719,63
3194,31872.6517,86574.1399,84
3195,32588.4692,85311.3327,10
3196,31833.7654,87761.9465,20
3197,33212.0635,85317.1694,100
3198,34888.1409,87388.0771,18
3199,33111.785,86686.0959,61
3200,33446.785,88245.034,48
3201,32414.0282,88292.2508,90
3202,31134.6208,87340.2566,64
3203,33319.5633,88045.5798,67
3204,31912.658,85631.6113,94
3205,32469.5795,86830.5407,14
3206,31071.2884,86303.5584,13
3207,33698.7215,87416.116,56
3208,31997.3751,85893.0072,60
3209,34020.936,87907.8059,13
3210,32706.5203,85477.4495,41
3211,34249.2619,86494.9887,52
3212,33062.897,86386.088,35
3213,32910.9577,85851.9055,35
3214,32797.9066,85468.8386,61
3215,34698.9786,86418.5987,59
3216,33770.3785,86670.2682,92
3217,33694.2677,86055.527,49
3218,33842.8779,85863.8562,36
3219,34064.2688,87033.0611,56
3220,34959.2482,85767.1953,71
3221,32196.5373,85588.0031,26
3222,33374.558,85548.0106,73
3223,34869.5308,86198.3178,90
3224,34597.3143,86788.6114,25
3225,34563.4203,86190.2596,99
3226,32137.6431,86995.2635,23
3227,31353.7829,85465.4907,41
3228,33302.0571,86854.1563,77
3229,34342.3128,85627.1859,91
3230,33964.82,86399.4281,98
3231,34556.2032,86700.8301,98
3232,32448.1915,87438.0556,69
3233,31975.4278,86233.2965,50
3234,33225.9519,85360.5042,60
3235,31640.999,85568.5511,66
3236,31156.8421,87799.1608,62
3237,31106.5694,85286.3214,57
3238,34320.098,86993.0635,21
3239,32688.1887,87932.2376,10
3240,31902.0967,88216.1269,95
3241,33553.444,87333.0569,100
3242,34950.6409,87828.9188,68
3243,31014.9021,85781.8779,53
3244,32989.8455,85572.176,45
3245,32693.7444,85196.0517,45
3246,31808.4859,87397.2135,90
3247,32637.6346,87998.6285,55
3248,31339.6131,88008.3344,41
3249,31286.2816,88150.0062,86
3250,34066.2139,87090.5626,83
3251,32971.235,85535.2305,28
3252,32819.5702,86330.5294,25
3253,33852.601,85773.5763,92
3254,34586.2032,86733.3314,90
3255,33556.2207,85411.0638,42
3256,33097.0649,85595.2328,78
3257,32759.5748,85367.4463,15
3258,31887.383,85187.7111,22
3259,33536.2165,86043.859,55
3260,31312.392,85974.1083,71
3261,34446.4828,86783.8891,71
3262,31703.2207,85526.6071,69
3263,32186.8098,86439.4157,70
3264,32350.6997,85364.6657,65
3265,32426.2528,85286.6087,62
3266,31349.3355,88234.4542,51
3267,34928.4217,86482.4914,85
3268,34299.8167,86511.9337,69
3269,33540.3879,85389.3964,18
3270,34977.3059,87200.5711,37
3271,34073.9857,85946.0818,22
3272,32519.8561,87371.1102,61
3273,31043.5124,85758.8221,21
3274,31703.2117,87638.0514,44
3275,31771.266,86292.7404,47
3276,33056.5099,87193.886,35
3277,32574.0215,86682.2038,33
3278,31732.9342,86194.9581,67
3279,33018.7374,88191.9732,83
3280,33528.717,86891.9366,31
3281,31005.1817,87221.3615,48
3282,31649.0461,87486.9356,66
3283,31757.9325,86665.5299,74
3284,32747.0759,87862.5136,69
3285,31184.6229,88425.0155,79
3286,33898.4331,86700.5491,43
3287,34777.5824,85877.7543,11
3288,32971.5133,85343.8358,60
3289,30828.2429,88365.5671,44
3290,31894.0418,88393.08,79
3291,31352.6712,85601.3246,85
3292,34322.3133,85588.2958,66
3293,33336.4999,86694.1529,17
3294,33633.7155,86879.4379,27
3295,31867.6513,87164.9863,70
3296,31027.9586,87360.8109,59
3297,31518.7742,86223.0091,80
3298,33232.6188,85288.002,46
3299,31013.5147,87200.8054,92
3300,33335.1133,87147.2186,86
3301,32766.794,86336.0846,40
3302,32257.6479,85339.3861,98
3303,32681.7963,86300.5276,11
3304,33002.6219,86777.7643,74
3305,32068.7583,88335.3034,24
3306,33708.7223,87498.3398,98
3307,32923.739,88085.3004,93
3308,31515.718,87353.5972,76
3309,34451.7596,86645.5501,51
3310,32323.4724,87333.3295,90
3311,34811.4783,86745.5542,50
3312,34159.8237,88031.9788,47
3313,33349.5548,86535.8159,85
3314,32497.6384,85374.6676,58
3315,33195.6749,85343.2812,46
3316,31900.4381,85339.1043,91
3317,34547.5949,87994.4828,93
3318,32992.3459,85399.1154,59
3319,33249.8401,85384.1161,59
3320,30807.9649,87814.1594,71
3321,34576.4803,86563.6024,100
3322,32464.0243,86635.535,27
3323,32600.9663,87592.2279,57
3324,33568.7227,87407.7807,91
3325,31508.4965,86876.3619,83
3326,33443.4448,85579.9563,78
3327,32295.1405,86309.6905,98
3328,33532.8905,87463.3368,80
3329,34310.0972,86892.7819,14
3330,31305.7311,85163.8197,87
3331,32450.1387,88305.8628,31
3332,34477.8647,85714.1339,33
3333,34099.8188,85904.1365,72
3334,31915.1515,88248.3504,58
3335,31651.8265,87917.2244,29
3336,32516.2451,86769.9837,98
3337,34511.7594,86750.8322,70
3338,34513.7051,87106.1247,65
3339,34550.9207,86257.4833,44
3340,34962.585,86919.1718,66
3341,32504.0264,88006.4071,26
3342,34750.645,87822.8106,59
3343,31935.7083,88061.6788,74
3344,32532.9146,85469.9485,49
3345,31999.602,85094.6531,68
3346,32715.9658,85199.1075,37
3347,30622.1362,87836.3809,68
3348,31967.6491,87468.0519,42
3349,34744.8032,85673.5812,37
3350,34799.2487,85806.6412,15
3351,33027.0662,85712.7359,10
3352,31702.9359,87878.0577,61
3353,32615.6875,87382.5001,61
3354,31531.5521,86106.8944,73
3355,33232.0588,86300.8089,57
3356,33633.4376,85824.9647,88
3357,34909.8068,87510.8577,98
3358,34861.1972,87266.6852,10
3359,33868.1613,87166.6708,72
3360,33808.4367,86962.4985,54
3361,32527.3592,88073.6319,23
3362,33295.95,87509.7272,95
3363,33160.1198,87559.4507,75
3364,33260.9506,87562.7846,94
3365,33299.2836,87650.8427,84
3366,33773.9892,85885.523,87
3367,33835.3782,85836.911,70
3368,31965.4289,87686.3921,81
3369,34116.7625,86192.477,68
3370,33974.544,86756.6634,17
3371,33671.4991,87671.4017,82
3372,31837.3764,88252.793,22
3373,34139.8246,88077.8135,82
3374,34181.4863,86742.2202,18
3375,32365.6935,87303.6069,68
3376,32682.3558,87997.2393,20
3377,31105.1779,87072.1918,17
3378,33278.4478,87085.5503,41
3379,34643.1489,88118.9297,33
3380,32704.5733,86256.9154,74
3381,33102.8965,86753.5975,96
3382,32838.7371,86629.4262,13
3383,33689.5544,87649.7344,78
3384,33990.9316,86577.4905,70
3385,31708.7753,85610.4972,65
3386,34353.9848,86832.7798,92
3387,33178.1718,86607.2054,88
3388,32775.1276,86545.5347,70
3389,31423.4997,88008.3349,67
3390,33743.9976,88002.2479,66
3391,32784.8521,85305.7779,47
3392,30603.5255,87903.6047,17
3393,32058.2052,87787.5077,74
3394,34352.8685,85736.9113,12
3395,31486.2748,87253.0383,99
3396,33605.9367,86021.3587,70
3397,34848.6973,87391.133,99
3398,31825.7156,85706.3338,65
3399,31899.0394,87235.5434,26
3400,32216.5343,85888.8432,70
3401,31000.182,87260.8071,40
3402,32949.8465,85585.5096,88
3403,31646.5492,88147.5089,80
3404,34014.264,86006.6386,94
3405,32820.964,88158.914,74
3406,31141.2918,85096.5965,47
3407,31586.5569,85275.7676,20
3408,34885.9202,87908.0884,23
3409,32704.5753,87595.8396,61
3410,33167.6189,87391.1131,69
3411,34358.1473,86294.7041,57
3412,33695.1111,88094.7508,65
3413,30841.0192,87901.9395,63
3414,33634.8248,86068.3047,73
3415,32549.3001,86544.9775,27
3416,31085.1775,88013.3325,52
3417,32279.5938,85003.8192,34
3418,34072.3186,86033.3062,73
3419,32338.2012,85223.2723,16
3420,32986.5105,86067.1901,14
3421,34606.7588,87088.3459,84
3422,34065.6522,86306.3695,30
3423,33016.5092,86312.1969,24
3424,32504.3015,86254.136,88
3425,33295.9458,86240.2522,56
3426,33564.549,86015.2472,43
3427,34505.642,85754.9687,63
3428,34772.5797,85582.7446,87
3429,34439.5327,85784.4134,49
3430,33611.7782,87858.3521,38
3431,33802.607,87896.1343,27
3432,32859.0144,85959.6858,86
3433,33019.0098,85985.2437,40
3434,33096.5079,85922.1867,66
3435,32526.2468,85814.6792,11
3436,32986.233,85982.4655,64
3437,33174.8406,87321.9447,42
3438,34369.8128,86075.8098,11
3439,34019.2707,88064.1996,66
3440,33100.6746,86864.1558,23
3441,33448.7259,87793.6258,28
3442,32828.1819,85961.9077,74
3443,32603.7445,85805.2351,18
3444,33174.2847,87233.6092,66
3445,33306.7811,87191.3862,33
3446,33373.9996,85952.4667,44
3447,32905.4032,87375.279,46
3448,33548.7187,85712.4608,25
3449,34202.3243,87181.4012,57
3450,34423.1525,87240.5734,89
3451,33389.8319,86114.9715,86
3452,33659.8257,85831.6318,82
3453,34078.993,87212.2325,78
3454,33894.5454,85744.687,77
3455,34010.3832,87487.515,79
3456,33273.7256,85836.0741,63
3457,34234.8225,87468.6313,46
3458,32506.2453,87107.7706,56
3459,34162.0475,87299.4589,50
3460,33603.4403,85606.6251,20
3461,33410.1091,86120.8051,60
3462,32947.3457,86910.2677,81
3463,34059.8268,87351.6798,33
3464,31209.0606,86313.0066,35
3465,33614.8273,85792.7415,27
3466,33929.8234,85470.235,44
3467,33913.7126,85465.7903,13
3468,33339.2792,85843.5745,20
3469,31146.0092,86874.4087,38
3470,31033.513,86725.5128,65
3471,32937.3463,87164.7184,73
3472,33838.4353,85606.6272,84
3473,33620.1036,85941.6344,82
3474,33912.883,87160.0051,40
3475,33613.1592,85961.0793,56
3476,33370.1115,85867.7421,43
3477,33399.8317,86035.8025,31
3478,31240.7285,86527.7351,86
3479,33205.3936,85943.8547,100
3480,34264.543,87587.802,32
3481,34224.8222,87009.1742,25
3482,33292.0573,86040.5246,96
3483,34174.2678,87058.6192,60
3484,33330.6673,85998.3012,21
3485,33462.8857,85966.9118,49
3486,33659.2714,85703.5728,17
3487,33377.3351,85640.2355,34
3488,33545.386,85648.8479,13
3489,33350.3894,85930.2438,39
3490,33648.1612,85629.6817,12
3491,32704.2964,87198.8854,79
3492,33586.2158,85918.3001,60
3493,34304.5434,87073.3438,46
3494,32854.848,86883.3221,75
3495,33486.4957,86017.1912,55
3496,33953.7167,87214.4517,58
3497,34077.3264,87356.6804,30
3498,31172.9526,86856.9087,29
3499,34414.5408,87087.512,20
3500,33626.4941,85751.3516,81
3501,33440.1108,85690.515,83
3502,34146.4916,87402.2386,43
3503,34242.3219,87004.452,86
3504,33061.7885,87442.2252,18
3505,34146.7695,87182.2333,54
3506,33130.3954,86052.7462,73
3507,33707.3272,85509.1235,68
3508,32814.8494,87260.8318,55
3509,33220.3926,86192.7504,46
3510,33111.7877,87559.7284,93
3511,32995.1227,87232.2201,51
3512,33362.6114,85908.5765,78
3513,33995.9335,85709.9645,73
3514,34474.2619,87193.0723,70
3515,34140.9364,87357.2375,45
3516,34024.2719,87282.7885,75
3517,33583.9958,85680.2381,24
3518,33888.4401,87283.3403,40
3519,34474.5395,87157.5153,61
3520,31005.18,86328.0018,62
3521,34269.2655,87551.412,70
3522,33879.5516,87334.4522,51
3523,32967.6232,87088.05,89
3524,34052.6036,87565.8518,70
3525,33211.2265,85989.6894,70
3526,34124.268,87623.6331,19
3527,33995.378,85676.0746,81
3528,33065.675,86053.3013,31
3529,33853.991,85546.07,46
3530,34280.3784,87319.462,83
3531,31177.9505,86289.394,46
3532,33034.011,87340.0005,94
3533,33004.8428,86202.4717,68
3534,33032.0663,87273.3322,15
3535,32856.7942,87612.5071,91
3536,32875.9589,87224.4421,13
3537,33016.7873,86104.9691,94
3538,32895.1266,87620.2851,74
3539,33437.8883,85731.905,87
3540,33648.9948,85587.4584,17
3541,32758.1843,87286.6658,83
3542,34126.2137,87138.3427,12
3543,34430.3738,87444.4672,52
3544,33253.448,85906.3539,57
3545,32854.2936,87491.6706,54
3546,33801.4909,85683.5735,48
3547,33117.6177,86144.4152,46
3548,33523.72,85637.1806,92
3549,33104.2847,86192.472,75
3550,33493.9963,85912.466,66
3551,31245.7259,86316.6187,71
3552,34141.4925,87258.0686,54
3553,33053.7336,87571.673,40
3554,32968.4566,87215.8308,49
3555,32870.1268,87541.9496,68
3556,34245.1016,87188.3467,70
3557,33667.8826,85664.1274,57
3558,33426.7757,85971.0785,36
3559,33813.7125,85761.3536,82
3560,33549.2723,85936.3559,61
3561,32774.0172,87275.2766,98
3562,34210.3784,87051.953,31
3563,33695.3818,85673.5724,48
3564,33530.9404,85830.5195,87
3565,33956.4895,85714.4088,85
3566,33948.9896,85581.0715,42
3567,34468.9841,87400.8557,34
3568,32859.5702,86951.3796,40
3569,32759.2953,87241.3869,48
3570,33848.7132,85572.7374,70
3571,31241.5614,86461.3446,37
3572,33310.6696,85754.4051,34
3573,34251.4878,87575.0236,45
3574,34138.1565,87006.3949,58
3575,34047.0483,87549.74,26
3576,33906.4956,87301.3968,35
3577,34212.6003,87024.4522,49
3578,32788.4608,86871.6549,29
3579,33938.162,87315.0091,63
3580,32632.3536,87319.1655,58
3581,34290.9315,87585.5801,62
3582,34370.3749,87022.2315,95
3583,32879.8475,86981.6583,90
3584,33079.2885,87555.5615,96
3585,33561.2173,85831.0753,98
3586,33976.2115,85574.9604,61
3587,33130.3953,86096.3585,35
3588,33288.4477,85781.6281,16
3589,33191.5052,85925.7985,49
3590,34241.2129,87300.572,45
3591,34481.2062,87293.3533,39
3592,32997.6242,87630.0075,25
3593,33069.5635,86134.9703,27
3594,33740.9374,85508.5683,26
3595,34482.595,87354.7437,83
3596,33857.8794,85656.9065,40
3597,34042.0492,87429.1812,75
3598,34093.4355,87601.965,47
3599,33989.5503,87488.9033,77
3600,33467.3321,85701.3488,53
3601,34463.7063,87481.691,21
3602,34465.6506,87061.1226,99
3603,34175.6572,87109.1763,64
3604,34237.3236,87162.2347,61
3605,34480.3727,87575.8605,83
3606,33849.5469,85478.0126,65
3607,32991.2335,86902.212,93
3608,32796.5164,87043.8819,59
3609,34445.3737,87162.2373,54
3610,33648.7165,85655.7936,64
3611,33202.8931,86218.0288,89
3612,31214.06,86283.2837,100
3613,32683.7413,87143.0506,19
3614,33941.49,85450.2345,90
3615,31054.9013,86809.6824,37
3616,32694.8521,86914.7112,15
3617,33024.8444,87318.3333,81
3618,34286.4874,87546.4122,19
3619,34356.2089,87083.3446,82
3620,32616.7984,87114.1605,96
3621,32929.5697,87502.7821,59
3622,33924.5454,85611.3501,54
3623,33900.3789,85671.0738,18
3624,34313.988,87114.7341,44
3625,33821.4921,85433.8447,44
3626,32656.7975,86924.4334,79
3627,33987.6002,85519.9589,64
3628,34218.9898,87443.0748,31
3629,33872.8859,87483.0662,76
3630,32905.1252,87311.1108,55
3631,34032.605,87396.1246,64
3632,34324.2643,87581.9693,13
3633,33932.6069,87445.845,38
3634,34467.5951,87086.6792,54
3635,33363.1675,85833.8521,85
3636,33819.8242,85642.7392,83
3637,34263.9883,87495.577,16
3638,32899.5691,86910.823,10
3639,32677.3525,86931.3783,69
3640,34195.1018,87389.4618,84
3641,31141.8423,86668.8472,17
3642,33185.6716,86049.6908,28
3643,32854.8481,86912.4896,40
3644,33898.9962,87399.1764,66
3645,33169.0055,86006.0785,35
3646,33565.1054,85908.022,54
3647,33115.3956,86112.7477,11
3648,33013.732,86035.245,56
3649,33910.1065,87269.4517,81
3650,34415.93,87167.515,76
3651,33972.8782,85553.8487,20
3652,33310.3907,85921.91,88
3653,32676.797,87221.3858,43
3654,31201.007,86447.7321,46
3655,32735.6845,86899.711,69
3656,33079.2852,86244.4177,70
3657,33422.8866,86027.1913,58
3658,32564.8552,87038.3249,61
3659,32520.6896,87041.6581,39
3660,33927.0502,87210.2843,67
3661,33435.9416,86105.8048,15
3662,33998.9892,85424.1229,70
3663,32912.3467,87024.715,63
3664,33445.6656,85771.3507,80
3665,34281.4892,87155.8462,16
3666,32940.9572,87083.3276,17
3667,33380.3879,86026.9133,98
3668,33372.6121,85773.0171,97
3669,33334.8341,85962.4669,39
3670,33747.3247,85689.1289,90
3671,33778.4351,85739.4082,43
3672,33738.4363,85658.0169,74
3673,34015.1039,87129.4513,49
3674,33417.3312,85998.3015,64
3675,34434.2631,87293.6304,73
3676,34416.7633,87390.8547,16
3677,31139.898,86460.5087,45
3678,31144.6197,86719.404,38
3679,31008.7919,86797.181,14
3680,34412.8739,87579.193,18
3681,34357.5972,87553.3579,60
3682,34371.4856,87618.3601,22
3683,34377.3189,87574.1922,85
3684,34361.4872,87333.0747,59
3685,34482.8726,87126.9586,74
3686,34401.4865,87250.2956,73
3687,32794.8507,87531.9493,52
3688,32864.0155,87454.1697,81
3689,33245.3922,86000.801,74
3690,33242.6144,86041.6355,46
3691,34356.7643,87053.6214,11
3692,33441.2223,85633.2911,33
3693,33499.5534,87155.5528,60
3694,33588.9944,85823.0199,56
3695,33622.3254,85973.5797,100
3696,33604.8269,85868.0212,64
3697,33584.8282,85790.2411,24
3698,33651.4937,85716.6287,82
3699,33941.7676,85547.7372,46
3700,33709.8256,85699.1288,69
3701,33920.3786,85727.1867,80
3702,33902.0514,87355.0089,44
3703,33936.2178,87397.233,78
3704,33937.3287,87366.6769,91
3705,33973.7171,87347.233,13
3706,33503.44,85961.3563,61
3707,33458.1632,86088.86,84
3708,33261.225,86033.3019,69
3709,33540.939,85949.9674,87
3710,33517.6061,85982.7459,27
3711,33170.394,86199.4169,70
3712,33427.053,86067.4703,57
3713,33441.7748,86122.1942,54
3714,33566.7715,85966.6347,36
3715,33164.8384,86232.4734,61
3716,33261.2249,86079.1366,33
3717,33122.8952,86203.8613,78
3718,32763.184,87168.3294,62
3719,32807.0717,87109.7169,48
3720,32791.2394,87463.6143,76
3721,32707.0744,87371.9451,53
3722,32800.6834,87342.7782,85
3723,32784.8505,87405.5574,97
3724,32722.3516,87188.8853,63
3725,33800.1039,85379.6766,100
3726,33782.3259,85458.0118,95
3727,33840.1031,85396.8994,37
3728,33893.1567,85712.4639,31
3729,33918.99,85575.5157,49
3730,33591.7715,85897.1885,47
3731,33722.3255,85669.4058,85
3732,31236.8384,86730.5176,54
3733,32944.8459,86998.6033,29
3734,32973.734,86958.3245,42
3735,32875.4031,86895.8225,100
3736,32759.8506,87084.1606,55
3737,31141.0088,86777.1834,69
3738,31861.2643,87695.5565,59
3739,32043.2031,86388.0246,75
3740,34079.8261,88132.2586,75
3741,31733.492,85956.8939,96
3742,30590.4709,88233.3373,23
3743,32477.357,87176.383,82
3744,31768.2097,86736.9205,54
3745,32990.3995,86495.535,32
3746,32978.4553,86484.7012,30
3747,31878.4879,86004.1195,81
3748,33456.7785,85497.7319,81
3749,34026.768,86929.1688,20
3750,31177.1215,85398.5444,34
3751,34457.8702,86588.6033,57
3752,33981.217,87386.9563,63
3753,33964.5508,87501.9584,77
3754,34913.4149,85774.9734,93
3755,34039.2684,87743.635,49
3756,32275.1399,86611.3658,45
3757,33556.2176,86993.6061,57
3758,34723.7011,87820.5885,95
3759,32407.3589,87021.1007,79
3760,32553.7468,85578.007,44
3761,32029.5957,85944.6755,42
3762,33250.9495,85672.4581,48
3763,33389.8349,85615.2349,39
3764,32836.7943,85507.1733,93
3765,32899.8485,85401.0593,75
3766,32629.5802,85138.2715,66
3767,31885.437,85600.777,99
3768,33375.9473,85483.2865,70
3769,32094.5907,88226.4099,92
3770,31161.2868,87552.4865,64
3771,32377.9165,86150.7976,71
3772,33836.4905,85693.0185,96
3773,33837.0433,86254.4223,23
3774,33599.2697,86507.2062,58
3775,33700.0,86400.0,91
3776,33582.0479,86469.4272,99
3777,33812.3215,86364.4257,73
3778,33595.659,86366.6467,72
3779,33660.6576,86263.3107,21
3780,33590.1035,86394.4252,99
3781,33796.7661,86329.1468,62
3782,33673.7126,86440.816,41
3783,33552.3269,86269.1438,64
3784,33592.048,86310.2562,80
3785,33742.5999,86207.4761,79
3786,33947.5979,86298.591,95
3787,33914.8203,86231.9219,20
3788,33820.377,86385.2599,35
3789,33688.4346,86352.4802,48
3790,33481.7729,86359.4235,16
3791,33600.9368,86279.422,38
3792,33677.3237,86396.6481,67
3793,33627.8802,86500.2619,17
3794,33838.4323,86314.1466,89
3795,33521.2161,86409.1474,46
3796,33613.1588,86253.588,49
3797,33568.4371,86445.8153,15
3798,33744.5442,86155.8079,55
3799,33606.2145,86204.4198,81
3800,33763.1553,86403.0378,52
3801,33660.3796,86478.8726,22
3802,33592.326,86227.4761,38
3803,33775.0997,86471.6512,56
3804,33791.4885,86516.0971,85
3805,33939.8201,86201.6435,83
3806,33618.7141,86315.812,40
3807,33540.66,86457.4822,28
3808,33635.6582,86324.7013,44
3809,33681.4904,86279.7002,70
3810,33598.992,86539.707,78
3811,33874.8208,86299.424,97
3812,33529.2716,86381.9244,40
3813,33572.3265,86224.9759,32
3814,33527.8831,86261.9212,25
3815,33661.2129,86427.76,92
3816,33686.2124,86414.7042,21
3817,33687.6012,86483.3174,35
3818,33888.4317,86154.9753,70
3819,33527.8832,86224.9757,61
3820,33540.3829,86205.5307,57
3821,33701.4899,86520.8186,95
3822,33591.7699,86488.3167,46
3823,33650.102,86453.3162,34
3824,33941.7646,86254.9783,17
3825,32366.8052,86299.9689,91
3826,34656.4802,87733.3645,38
3827,34647.87,87905.5911,90
3828,32352.9226,85247.9956,58
3829,34527.316,87453.9131,75
3830,31347.3907,88031.9464,17
3831,33401.4978,86346.6448,59
3832,33384.5542,86159.1395,63
3833,33650.1022,86117.1952,63
3834,33334.0004,86077.1923,94
3835,34990.3618,87725.5827,72
3836,34929.251,87404.7438,25
3837,34994.5291,87923.6425,65
3838,33650.1069,85447.1769,28
3839,34112.5958,86073.5851,20
3840,34179.817,86105.5307,23
3841,34171.2061,85943.0267,14
3842,34108.4291,86034.6953,50
3843,33730.6556,86077.1944,96
3844,33802.8768,86036.6381,35
3845,31544.0522,88349.4611,91
3846,34257.3235,87320.0172,12
3847,33443.996,86657.486,70
3848,33372.0562,85805.5181,10
3849,32481.8041,85763.8442,77
3850,34757.867,86997.2308,32
3851,34768.9778,87016.676,71
3852,31099.8991,87979.165,22
3853,33945.6572,86901.6666,99
3854,33885.0986,86419.7059,88
3855,34040.6562,86885.8344,58
3856,33355.3882,86754.4321,51
3857,33391.5082,88233.3664,60
3858,30674.9127,87915.2724,59
3859,31222.3937,86099.111,79
3860,31455.4429,86130.5049,11
3861,32620.9653,85988.2953,87
3862,32603.7434,86046.908,26
3863,34370.3673,85553.5729,48
3864,33506.2164,86785.8227,18
3865,33579.2719,86888.8818,33
3866,33586.4942,86909.7157,28
3867,33554.8276,86880.8257,25
3868,33512.0493,86697.2096,58
3869,33489.8296,86994.7163,86
3870,33598.4369,86737.4897,30
3871,33388.9989,86904.4357,61
3872,33588.7146,86651.0985,51
3873,33611.2143,86659.4323,85
3874,33615.3808,86628.8761,75
3875,33618.1588,86724.9896,18
3876,33428.7188,86719.4317,40
3877,33472.3283,86724.7099,74
3878,34375.9235,85881.0824,24
3879,33397.8931,87709.4558,63
3880,33098.1774,87703.3432,89
3881,33308.45,87631.9532,10
3882,33291.2283,87702.2332,45
3883,33262.062,87687.7883,13
3884,33236.785,87716.9556,28
3885,33212.3411,87715.8443,39
3886,33256.5065,87636.6757,76
3887,33247.34,87667.232,33
3888,33260.1177,87713.6224,94
3889,33800.1019,86831.9396,54
3890,33762.327,87040.5547,34
3891,33658.7135,86668.0443,96
3892,33684.2683,86588.8758,68
3893,33662.8797,86558.0415,20
3894,33735.1047,87012.7759,68
3895,33694.2683,86614.9878,79
3896,33654.269,86609.1538,86
3897,33704.8237,86645.5443,80
3898,33668.9906,86540.2633,16
3899,33639.8247,86601.6535,28
3900,33720.1014,86681.101,71
3901,33654.2688,86571.9306,96
3902,33694.5456,86542.208,39
3903,33733.4345,86689.9904,19
3904,31968.2054,88287.5207,66
3905,31725.7204,85175.4879,66
3906,34378.1461,86126.0889,36
3907,34303.9855,86815.0012,92
3908,34186.7613,86070.8076,39
3909,34315.3746,86862.503,11
3910,30262.9809,88115.2774,66
3911,33999.5492,87184.1745,18
3912,33422.3337,85660.7918,85
3913,31488.5036,85259.9334,34
3914,31357.1182,85216.8764,33
3915,32159.0354,87963.9026,30
3916,32090.4265,87781.3969,59
3917,31029.3456,86231.0554,55
3918,31170.7298,86001.0512,96
3919,31847.375,87635.5543,98
3920,31739.0497,85829.3907,17
3921,31794.6024,85905.5047,63
3922,31789.8795,85958.006,11
3923,31857.0995,85999.6746,78
3924,31815.1571,85933.2834,83
3925,31792.1019,85940.2278,55
3926,31825.7112,86022.175,30
3927,31835.989,85993.563,60
3928,31825.1562,85974.9513,51
3929,34154.8208,86826.3895,12
3930,34213.9873,86862.7802,94
3931,34222.5987,86890.8367,58
3932,31539.6058,87406.099,60
3933,33280.6703,87137.4959,80
3934,33586.497,85527.7339,75
3935,32089.877,85238.2697,42
3936,31640.9997,85441.8824,82
3937,33094.8408,86521.3695,87
3938,33148.173,86775.8204,95
3939,33243.7251,86478.5915,25
3940,33132.3401,86789.4318,10
3941,33162.3393,86819.9882,41
3942,33156.7833,86496.3693,56
3943,33075.6747,86517.7582,71
3944,33084.2856,86537.481,44
3945,33224.0035,86470.5357,94
3946,33027.8984,86540.5363,54
3947,32191.5343,87956.1252,31
3948,32504.8596,88029.7413,34
3949,33151.5086,85488.0077,77
3950,33974.8233,86873.6109,58
3951,33377.0561,87093.6065,66
3952,32857.0703,87001.1032,20
3953,34695.9163,85804.1402,35
3954,33151.5073,87189.1637,39
3955,32969.0122,87185.8301,69
3956,32916.2357,87221.6643,94
3957,32945.4016,87131.9399,69
3958,32921.5134,87184.7189,30
3959,32987.345,87197.7749,49
3960,33138.452,87152.7739,46
3961,32944.8461,87246.3871,70
3962,33123.73,87099.1615,30
3963,33115.3973,87219.7199,94
3964,33087.3424,87194.4415,80
3965,33122.0635,87128.0511,44
3966,33073.1763,87250.554,46
3967,32141.8137,86005.7894,43
3968,33153.1732,86927.7685,75
3969,34613.5,86463.8,16
3970,34005.57,87856.59,98
3971,32151.993,86715.443,43
3972,34595.5556,87079.1667,27
3973,33797.2222,87204.4444,50
3974,33831.6667,87222.2222,59
3975,33823.8889,87166.6667,34
3976,33856.6667,87202.5,13
3977,33900.8333,86518.6111,10
3978,33258.8889,87478.0556,38
3979,32428.0,86460.0,94
3980,32487.0,86487.0,96
3981,32461.0,86499.0,18
3982,30673.356,88247.037,96
3983,30785.418,88260.838,55
3984,30749.028,88237.86,77
3985,30548.458,88100.469,27
3986,30680.2982,88268.3467,15
3987,30720.03,88210.05,83
3988,30594.232,88145.169,77
3989,30596.508,88201.551,34
3990,31139.4412,85435.8131,63
3991,31128.3192,85332.4641,59
3992,31260.3993,85409.0246,31
3993,31280.6119,85445.2822,13
3994,31197.964,85232.991,29
3995,31296.0892,85103.1742,34
3996,31264.943,86475.0712,74
3997,31017.9685,86357.3626,84
3998,31294.9657,86228.7281,73
3999,31289.9354,86262.5417,35
4000,30829.2105,87774.076,78
4001,30959.7833,87853.6433,36
4002,30308.8747,87743.4606,91
4003,30935.5368,88142.2575,29
4004,30897.36,88007.412,32
4005,30907.2861,87977.7614,12
4006,30896.8665,88027.4886,34
4007,30871.5879,88021.6064,40
4008,30677.9709,87861.9093,86
4009,30670.0949,87887.9103,39
4010,30416.6386,87556.7975,10
4011,30474.2737,87848.703,73
4012,30502.3401,87819.3046,65
4013,30510.0501,87884.0427,38
4014,30535.8745,87851.1991,18
4015,30519.261,87867.6379,58
4016,30419.674,87858.722,34
4017,30375.433,87672.6587,37
4018,30404.0711,87703.3398,39
4019,30382.3372,87627.7159,16
4020,30408.9038,87811.2464,100
4021,30393.4781,87725.0222,39
4022,30436.9427,87714.6051,42
4023,30340.4915,87696.8139,41
4024,30408.6428,87659.3781,36
4025,30362.4387,87681.4754,25
4026,30350.905,87714.446,50
4027,30451.6605,88282.9431,54
4028,30513.2765,88316.215,83
4029,30527.825,88396.123,21
4030,30455.0682,88215.0855,13
4031,30397.6635,87459.053,100
4032,30299.1612,87533.3315,97
4033,30995.7089,87612.7,20
4034,30564.8715,87697.0365,32
4035,30567.6158,87669.1034,96
4036,30577.3699,87723.8949,92
4037,30623.1806,87592.5651,32
4038,30741.5625,88287.5796,64
4039,30827.5388,88258.5357,92
4040,30503.2001,87791.1793,13
4041,30537.5946,87778.4601,12
4042,30513.7895,87752.1609,20
4043,30456.533,87764.4445,17
4044,30502.9977,87696.1133,61
4045,30510.6124,87618.3505,18
4046,30489.1992,87773.919,78
4047,30474.0725,88114.3506,34
4048,30568.3671,88170.2388,40
4049,30524.1141,88286.0301,37
4050,30855.7259,88288.5206,18
4051,30693.2863,88228.4022,71
4052,30802.0171,88239.0544,68
4053,34020.0,87595.01,52
4054,34144.72,87313.89,91
4055,34603.4302,91341.7918,52
4056,35038.1433,92897.9475,15
4057,35342.5829,91789.5848,46
4058,35893.1295,91082.9015,27
4059,35424.8078,93730.4719,90
4060,34542.0393,91784.0227,81
4061,34228.9863,93379.0695,43
4062,34319.2636,91847.3565,88
4063,35446.1965,93762.4172,28
4064,33732.0525,92815.4405,93
4065,33689.5629,94285.7555,92
4066,35246.4719,92936.5581,18
4067,34998.4206,91983.7552,61
4068,36402.0182,94070.7581,16
4069,33932.6028,91392.8981,63
4070,35913.6863,92597.6628,39
4071,33574.8327,92269.0344,92
4072,34728.9805,92130.1452,75
4073,33724.5526,92615.7139,51
4074,35428.9722,91109.845,92
4075,36481.4641,94273.2642,72
4076,34564.5372,92586.828,44
4077,36364.792,93567.9667,95
4078,34672.8763,90890.115,26
4079,35001.1986,92629.8847,38
4080,36332.5643,90806.2287,51
4081,34171.4876,91619.571,25
4082,35017.3117,93133.5098,29
4083,35455.0834,90413.1572,92
4084,33871.7784,93577.1232,69
4085,33718.4436,93134.0555,19
4086,33850.1083,93325.7273,72
4087,35423.1381,91455.9649,92
4088,34534.2609,92101.2554,73
4089,34538.9846,91661.7976,12
4090,35960.0714,90158.9838,39
4091,33358.4581,93436.0073,54
4092,34001.4898,92495.4338,14
4093,34427.3142,92813.7801,81
4094,36322.5657,91957.6507,86
4095,34182.0388,93071.0073,68
4096,36011.4607,91399.0228,71
4097,36414.2312,91734.8682,49
4098,34257.0369,93075.7309,80
4099,33182.9078,93632.6765,56
4100,34928.4222,92261.2616,83
4101,35438.698,93944.6447,23
4102,34318.152,92292.3729,32
4103,35818.4088,91438.7448,15
4104,36037.3036,94511.0517,10
4105,35396.7485,91786.2521,49
4106,35591.4666,92460.4361,18
4107,36063.6817,91078.4574,35
4108,36310.9009,92422.9378,24
4109,36125.3469,90939.2867,89
4110,33590.3872,91800.6862,63
4111,34636.7595,92475.4354,58
4112,33775.9509,93817.128,33
4113,35663.6886,91847.6443,66
4114,34409.8235,91001.5036,54
4115,35812.02,91343.4645,12
4116,34230.3755,91745.1298,64
4117,34427.3228,91069.561,81
4118,35615.3572,91259.8501,94
4119,34614.2581,92769.3343,83
4120,35872.8522,91754.0319,50
4121,34237.328,93742.1328,47
4122,34037.3207,92886.001,29
4123,34894.2616,90640.3849,31
4124,34292.8774,91337.8987,68
4125,35429.2524,93757.1394,38
4126,36392.5675,93314.9048,91
4127,35920.9056,90451.4938,96
4128,35971.1837,91252.0741,98
4129,33887.0477,91491.7899,100
4130,36240.623,91105.6819,88
4131,34550.6494,92340.9861,72
4132,35845.9079,92134.5967,74
4133,33097.6347,93192.9441,18
4134,33726.2253,93470.4521,63
4135,36183.4052,92850.7249,24
4136,34286.4902,91163.7278,88
4137,34502.5893,93028.5116,53
4138,36401.1825,93737.9711,31
4139,36155.3504,92906.8374,89
4140,36333.4014,92604.6086,74
4141,33059.5709,92156.8025,52
4142,35358.1399,91322.9058,27
4143,33614.5649,93813.5164,22
4144,35115.3695,90213.1506,22
4145,35248.1439,90152.5935,17
4146,33383.7368,93909.628,90
4147,34416.7628,91867.3579,80
4148,34375.6489,92744.3327,37
4149,35987.8524,92716.2763,23
4150,34455.6481,92729.6104,68
4151,33962.8786,91959.3041,49
4152,36433.9581,93621.3014,28
4153,35268.1432,90395.9339,50
4154,35389.2464,92347.9326,56
4155,35226.4762,91234.0144,72
4156,36335.3472,93436.0189,29
4157,35577.0219,92177.3746,53
4158,34054.8197,92959.6146,52
4159,36215.0717,93154.622,42
4160,35649.8009,91074.0117,85
4161,33920.9365,93154.0591,83
4162,35325.3588,92334.3208,18
4163,33537.892,92469.8762,77
4164,36315.8994,91482.6388,27
4165,33652.0556,92780.9952,24
4166,33510.1142,92398.7619,16
4167,36031.1902,94047.7005,33
4168,35432.5849,93615.4676,97
4169,34362.8743,91924.8596,20
4170,34780.9263,91580.9651,32
4171,35366.4745,90339.8213,85
4172,36254.8003,94278.2633,27
4173,36380.6216,92227.6564,46
4174,36217.0085,90312.0455,34
4175,35944.2408,89733.1361,23
4176,35489.2467,91753.7523,66
4177,35573.4108,92203.2085,31
4178,36144.2426,93862.1399,44
4179,35469.2466,91867.922,29
4180,34119.8212,91880.9683,98
4181,36244.7856,90353.4356,91
4182,35033.4202,92694.6086,89
4183,34541.4839,91757.0774,86
4184,35082.3184,94263.2668,65
4185,35644.8007,91674.306,12
4186,35588.1335,91927.9242,22
4187,34589.5379,92325.7078,71
4188,34632.0375,92277.3725,35
4189,35416.4773,94127.9838,42
4190,35578.6912,91264.85,23
4191,35442.0283,93462.6843,54
4192,34114.5405,92940.4482,60
4193,35287.5833,91950.4224,12
4194,36060.0705,91979.5947,81
4195,33016.2501,92724.3243,14
4196,34044.5443,92140.4219,43
4197,33797.6062,91270.6717,74
4198,34602.8709,92009.03,79
4199,33858.4369,92294.0372,91
4200,36050.6315,93518.5199,85
4201,33415.3988,92813.7731,89
4202,34116.2066,92992.1165,79
4203,35892.2952,90452.605,20
4204,34167.5988,91595.6816,94
4205,34937.5885,92585.9946,22
4206,35720.911,91738.4746,90
4207,34300.098,91525.1248,70
4208,35973.1296,92562.6623,83
4209,34208.1515,92710.1637,56
4210,34544.5356,92808.2249,40
4211,36007.2941,91252.3521,70
4212,35702.2998,91480.4119,34
4213,33481.7907,93964.0754,15
4214,34021.2107,92792.9425,63
4215,34881.7561,92688.2199,46
4216,34555.6555,90912.8928,63
4217,33916.7782,93641.569,32
4218,35104.2558,91406.7959,65
4219,35017.3141,91226.5144,24
4220,33661.231,93832.6838,12
4221,35112.8642,91822.3618,99
4222,34041.77,93391.8446,24
4223,35517.8579,91600.9699,18
4224,36483.3923,90525.1108,19
4225,34919.5332,92485.9915,93
4226,33628.9974,91790.9639,48
4227,35768.41,91570.4147,55
4228,34886.4784,92372.3764,37
4229,35972.852,92594.0518,59
4230,36157.288,90293.9892,58
4231,35744.2437,91440.6889,19
4232,34026.7667,92112.0874,93
4233,34862.0342,92475.4356,63
4234,35343.9734,91357.6287,34
4235,36070.0707,91426.524,74
4236,35995.626,90487.3284,49
4237,35701.7444,91441.522,71
4238,35678.1337,91027.6216,77
4239,35279.5314,90477.6031,32
4240,33885.9498,94133.5291,31
4241,34842.3125,92324.8745,11
4242,33997.3256,93337.9532,95
4243,34336.2098,91410.4007,86
4244,35524.5251,91382.3526,96
4245,35101.1965,92767.6658,51
4246,34615.9245,92821.5587,38
4247,36221.1783,91929.3165,15
4248,33847.8925,93719.0695,63
4249,34595.646,93012.4,69
4250,36466.4493,90657.8929,99
4251,35426.7476,91836.8095,55
4252,34692.3189,91211.7904,65
4253,33242.3512,93244.6118,13
4254,33511.7873,93566.2889,55
4255,33920.6589,91336.7854,83
4256,34364.5376,92771.5558,72
4257,35047.5869,92794.0557,81
4258,34112.3272,93575.1832,58
4259,33979.2747,93526.0135,59
4260,34971.477,92674.3305,16
4261,34327.5938,93307.4039,86
4262,36024.2433,93364.6264,77
4263,36086.4591,91067.3461,68
4264,34314.8176,92553.4927,14
4265,33802.6107,93381.0057,75
4266,35693.9653,92108.4844,95
4267,35384.2471,92215.7075,62
4268,36172.0157,92674.3317,78
4269,33065.4105,94041.0159,26
4270,33065.6783,91213.444,68
4271,34157.3212,91567.6252,14
4272,34764.5408,91137.3447,46
4273,36332.0197,94118.5366,18
4274,34900.6447,92498.2142,66
4275,34208.1514,92730.7199,30
4276,35240.9171,92051.258,88
4277,34659.2655,90820.6687,34
4278,35331.4708,92081.2595,90
4279,35668.4115,91538.4688,89
4280,33592.6167,93276.558,74
4281,34573.1493,92210.9815,77
4282,34543.7058,91827.6352,48
4283,35691.189,91595.6928,15
4284,34628.9814,92558.216,51
4285,35008.7019,91434.8518,50
4286,35904.7959,91635.1399,86
4287,34531.7605,92407.933,57
4288,34696.4808,92096.2552,34
4289,34730.0979,90767.8893,56
4290,34498.1492,92538.2152,29
4291,35495.3603,90116.7588,10
4292,34307.0406,92401.2654,43
4293,35656.1884,92319.3224,12
4294,36003.127,91659.8637,98
4295,35344.5266,91939.3116,20
4296,34648.7059,91582.0749,92
4297,33295.1181,91622.3464,30
4298,35256.1924,92676.2737,66
4299,36165.3547,94044.9227,75
4300,36394.7902,92910.7279,48
4301,35267.5809,92557.6595,72
4302,33373.1782,92674.8804,39
4303,35607.3018,91140.1245,12
4304,36010.9044,91800.4234,75
4305,33411.2328,93069.6101,76
4306,36355.8979,90934.2886,17
4307,35967.5726,91321.2426,91
4308,34972.3101,91928.4754,82
4309,33100.4108,93461.0066,40
4310,33582.3446,93990.7439,64
4311,33778.9952,92491.8221,90
4312,36452.5656,92465.7168,27
4313,33629.832,92355.1494,28
4314,35376.4739,93471.296,89
4315,34651.2035,92055.9761,59
4316,34899.5333,92102.0904,38
4317,35730.6327,91198.4601,36
4318,34447.8716,92576.2718,97
4319,35542.0227,91967.3696,66
4320,35766.4652,92209.8758,99
4321,34643.9877,90927.338,46
4322,35376.1941,91559.5784,53
4323,35490.0827,90358.711,65
4324,34764.8126,92003.4748,59
4325,33159.5732,92445.9795,54
4326,35413.1378,91576.246,75
4327,35379.2557,94041.8704,78
4328,33681.7843,94358.5354,61
4329,34555.1003,90768.1675,47
4330,35030.3648,91950.421,30
4331,34952.3104,92155.1479,51
4332,33895.1043,91256.2273,63
4333,35047.038,90238.9844,56
4334,35268.9702,92732.6641,31
4335,35431.7473,91886.811,64
4336,35554.2443,92231.5424,10
4337,35507.3013,91888.2008,77
4338,33517.0638,93298.2259,41
4339,33057.3469,91573.4539,22
4340,33774.5503,91474.5673,25
4341,36450.6189,91380.4141,20
4342,35148.1446,91240.9591,16
4343,36378.3981,91463.1941,89
4344,34529.2609,92210.9816,27
4345,34435.0955,92066.2539,64
4346,34602.3156,92216.815,99
4347,35979.2388,89910.3642,99
4348,34020.9335,91816.7994,54
4349,36080.3476,91769.8675,92
4350,35364.8117,94096.5943,86
4351,35266.7603,94378.5477,83
4352,35487.0326,94357.7123,51
4353,35284.8151,94362.1582,15
4354,34100.0994,92275.1491,37
4355,33941.7688,93126.8371,26
4356,33825.1048,92411.8192,69
4357,35150.9173,92744.0538,64
4358,35775.91,91679.8622,97
4359,36079.7921,90939.8419,73
4360,36021.1918,94246.3183,83
4361,36018.4047,91047.6227,23
4362,33842.333,93466.0093,96
4363,35733.6885,92389.3244,42
4364,35442.023,92526.5477,83
4365,34682.5921,92585.1613,90
4366,33591.7843,93424.8959,77
4367,36376.4538,91561.2523,29
4368,35830.3523,90178.7062,21
4369,35905.0747,89767.8593,28
4370,33723.72,93054.0551,37
4371,35068.9754,91945.1432,80
4372,34824.5393,91224.5695,21
4373,35467.8611,90322.8765,30
4374,36451.4649,94525.218,66
4375,33409.2907,93744.6244,48
4376,35064.2575,91248.4594,64
4377,35081.755,91602.0779,33
4378,34414.5393,92459.0455,76
4379,35049.5304,92490.4361,72
4380,33339.2835,91700.6822,65
4381,35083.1417,92260.1512,29
4382,33424.2893,93327.6709,35
4383,36244.5117,91078.181,11
4384,35983.4132,94079.646,98
4385,36457.2962,94139.6491,41
4386,33969.5587,93955.744,16
4387,33224.8512,93886.8476,91
4388,35307.3093,90289.5418,33
4389,33969.2744,93494.3464,67
4390,36457.8406,90963.1795,20
4391,33902.3245,91880.968,68
4392,33719.2728,91920.1354,75
4393,33140.6886,93192.1108,98
4394,34217.8739,92653.4953,35
4395,36106.4657,93902.1408,95
4396,35878.129,90515.3849,27
4397,35920.9071,89855.64,98
4398,33220.1301,92869.8841,97
4399,35981.7381,89986.2,44
4400,35930.0731,91058.734,57
4401,35870.9088,92475.1603,92
4402,35061.1972,92384.5994,66
4403,33544.8325,92071.5271,32
4404,35322.5801,92535.4367,76
4405,35330.083,93084.6176,58
4406,33644.2833,93489.3421,27
4407,35273.1382,92256.5407,30
4408,33747.8844,92431.264,25
4409,34920.6467,91564.2988,71
4410,35217.314,93940.4799,35
4411,35472.8564,92602.383,10
4412,33520.9563,93923.797,40
4413,33572.0659,93853.2397,36
4414,35309.8086,90457.8804,80
4415,35842.8523,89999.2556,16
4416,33774.5494,91749.019,90
4417,35154.8089,91673.1912,66
4418,34132.3206,92531.8245,39
4419,34042.8891,93841.2965,19
4420,33067.9146,92725.9914,91
4421,35831.1855,90305.0996,25
4422,33848.4506,94067.9707,16
4423,35390.0894,94206.0418,57
4424,33603.1649,92185.976,88
4425,34224.8194,92405.9875,68
4426,36075.3551,93908.5298,93
4427,33752.8875,93183.7779,70
4428,34657.0433,90767.8895,80
4429,35270.9143,92630.1614,36
4430,34856.2051,91300.6824,58
4431,33642.6205,93881.0186,37
4432,34235.3872,94015.7501,33
4433,36238.6782,91727.6452,79
4434,34538.7097,91174.0094,82
4435,36160.6288,93341.0157,18
4436,33471.7876,93284.8921,81
4437,34316.7635,92108.4773,98
4438,34755.3733,91305.96,74
4439,33241.7955,93346.2816,55
4440,34236.7632,92526.5471,32
4441,35645.9123,90446.215,32
4442,33468.7346,93857.4057,67
4443,35794.5204,91377.9098,15
4444,33922.6107,93598.5131,18
4445,34270.0972,92203.7585,59
4446,33852.6116,93539.0668,15
4447,33300.9597,93058.4983,26
4448,35023.421,91797.3606,12
4449,35579.5219,92306.2662,97
4450,35763.9654,91292.6296,17
4451,35620.9124,91391.798,91
4452,36172.2905,90963.1766,31
4453,34808.7067,91155.1231,61
4454,34390.9291,92184.3137,12
4455,35444.5233,92272.0981,69
4456,34212.598,91895.1356,35
4457,34104.8218,91530.6798,12
4458,34092.8772,92408.4868,51
4459,33515.6672,92190.4199,49
4460,33977.3228,91909.3025,56
4461,34458.9843,91954.5832,26
4462,34127.6054,90963.998,48
4463,35819.2429,92394.3249,16
4464,33765.6612,91645.683,22
4465,35463.1338,92510.1584,32
4466,33839.2716,92544.6013,34
4467,36143.6802,92060.9855,80
4468,33291.7937,93164.0554,34
4469,33963.157,91707.0735,24
4470,33977.0449,92043.4736,57
4471,35375.3571,92508.2139,65
4472,36256.4647,94078.2572,57
4473,36463.6746,91651.255,62
4474,35796.7427,91531.525,26
4475,34779.8131,92128.7566,63
4476,33811.7786,93484.6203,23
4477,34800.6517,91082.8989,54
4478,35190.9233,90219.8175,17
4479,35979.7941,91856.5357,18
4480,36294.2329,91747.3681,45
4481,36188.6838,93456.297,29
4482,33156.2419,93657.3988,81
4483,34145.6543,92315.4285,84
4484,34045.3757,92942.6695,11
4485,34127.0461,93439.9031,87
4486,35407.864,93771.3066,55
4487,34254.2649,91528.1799,67
4488,34084.8227,93321.8431,63
4489,34816.7599,91495.4082,23
4490,36403.1197,91065.4042,62
4491,34622.0384,91719.2995,73
4492,34662.3145,92067.3654,97
4493,35165.3645,91644.3016,76
4494,33142.6322,93355.1705,87
4495,33654.2822,93399.0614,70
4496,35843.1314,92405.4363,89
4497,35362.3124,94260.2103,17
4498,33162.8986,91128.164,33
4499,34995.9224,91654.8567,76
4500,36323.6769,91714.8673,37
4501,36353.6741,90694.5588,94
4502,35449.5261,91513.1888,66
4503,33551.2262,92838.2183,64
4504,33498.1778,93777.1262,39
4505,35211.4711,92619.0501,99
4506,35427.8627,93583.522,86
4507,35166.1968,93051.8396,41
4508,34924.2551,92053.4783,16
4509,33542.9001,93886.2961,59
4510,33789.8283,92557.3793,53
4511,34295.3795,91112.6155,31
4512,35426.4737,93563.7991,98
4513,35973.4068,89733.9695,71
4514,33555.3958,93283.5029,38
4515,33904.5476,92638.2152,84
4516,35578.4135,91162.6249,31
4517,33373.1706,92015.9682,68
4518,33858.1591,92988.2233,99
4519,35786.1884,92692.1089,12
4520,34116.5005,94439.9325,14
4521,33183.7423,93225.4449,60
4522,33051.5224,93896.0127,85
4523,33612.3312,91741.2402,26
4524,34372.8763,91409.8456,65
4525,33065.1335,93662.676,61
4526,35408.9727,93384.6261,25
4527,33294.2935,93604.8992,80
4528,33578.1696,92738.2166,59
4529,36338.6799,92768.5014,93
4530,33531.2228,92264.5894,51
4531,35336.4694,92685.7185,76
4532,36020.0714,91088.4575,38
4533,34957.3103,92566.2718,26
4534,34248.9836,93268.5106,83
4535,33627.8899,92937.1089,28
4536,34910.9252,91494.2972,86
4537,34598.9886,90768.1674,83
4538,33762.6068,92532.3786,95
4539,35315.0807,92701.83,58
4540,36003.6828,91989.8726,67
4541,33658.4542,94026.857,72
4542,35571.7459,92834.0563,82
4543,34025.3799,93314.8974,33
4544,34907.3112,92549.6046,71
4545,35483.9707,93277.9556,74
4546,33320.959,93118.2216,23
4547,34920.3666,92168.4813,63
4548,34224.82,91833.7443,92
4549,34221.7661,93473.2392,99
4550,33227.3519,92957.3853,78
4551,36133.6877,93944.0865,56
4552,33376.5137,93736.0129,59
4553,34209.2668,91356.7872,35
4554,35406.4727,91092.0666,35
4555,33389.0137,93795.4588,90
4556,33636.7751,92179.0317,64
4557,33034.8472,91978.7421,91
4558,33960.3793,91734.0188,30
4559,36223.1279,93529.9102,52
4560,34785.6458,91995.9749,44
4561,33811.2226,93456.5639,60
4562,36410.6226,92662.9438,76
4563,33918.7271,94085.4717,88
4564,33805.6733,94166.3078,12
4565,34181.209,92398.7648,11
4566,33711.4977,92656.5482,44
4567,33671.5097,93982.9667,21
4568,33295.3952,91950.1328,68
4569,36494.2279,90846.2325,99
4570,35232.8641,91483.742,62
4571,36467.564,91839.8707,80
4572,33670.1137,93246.5565,48
4573,33638.7265,93314.3366,48
4574,33429.0025,92059.0255,24
4575,35482.5828,90412.8795,93
4576,33458.7328,93493.7874,73
4577,33329.5702,93380.172,74
4578,34014.8267,91109.8345,61
4579,35964.239,91985.15,93
4580,36040.904,91691.2538,21
4581,33895.9364,92797.9415,60
4582,35075.9188,92567.3826,49
4583,33988.1675,93787.9602,48
4584,35797.021,89803.4156,54
4585,33997.3231,92387.0967,32
4586,33068.7387,92247.3604,69
4587,35097.3081,92002.9229,59
4588,33719.8283,92141.2534,92
4589,33646.2319,93923.52,99
4590,36498.3333,92078.6111,22
4591,35029.5314,92192.6494,61
4592,33025.4166,93054.6071,87
4593,33704.562,94339.924,45
4594,33822.0481,92002.9164,97
4595,34657.5935,91718.7442,47
4596,35719.2432,92179.0417,81
4597,35674.5226,91363.742,33
4598,34358.152,92040.1416,58
4599,33502.0679,93942.6863,34
4600,34677.3144,91912.6385,22
4601,33047.9135,93318.7804,73
4602,33767.0495,91880.69,29
4603,35385.0795,92587.1047,35
4604,36481.7354,93644.0798,13
4605,33108.7431,93812.6785,44
4606,35452.864,93889.643,27
4607,35930.9054,90177.3176,26
4608,34080.3805,91188.4487,39
4609,35156.7534,93165.454,86
4610,36221.1806,92541.2736,66
4611,34420.3679,93021.288,84
4612,33902.3249,93064.3359,25
4613,33286.2368,92541.8178,51
4614,33361.7826,91820.1298,71
4615,36282.0169,93672.9692,35
4616,35769.5213,89849.806,92
4617,35382.5868,93775.4737,18
4618,36133.1269,92570.9962,61
4619,33746.2165,91997.916,18
4620,34300.3698,92936.2837,19
4621,35301.1921,92731.553,78
4622,33690.9428,92657.3815,54
4623,33396.226,91794.0182,78
4624,34781.481,91667.3555,36
4625,36372.8545,94293.82,27
4626,36398.1233,93108.233,62
4627,33697.3297,91567.6252,96
4628,35462.8618,93524.0752,14
4629,36251.4572,92379.3254,30
4630,33388.735,93459.8971,55
4631,33178.7431,92901.5508,69
4632,34728.4273,91552.9088,64
4633,36237.8445,90907.3418,56
4634,34160.9318,92065.9752,24
4635,33616.509,93766.5705,74
4636,34029.5494,91073.1669,94
4637,35477.5839,93564.0765,95
4638,33485.6673,92049.3035,26
4639,33187.0653,91529.5651,82
4640,34193.1538,91724.2961,77
4641,36445.0671,92960.4518,94
4642,33798.9946,92900.9982,37
4643,33970.3912,93882.9636,41
4644,34245.3736,92615.9944,95
4645,34745.9308,90934.0055,88
4646,35921.746,93946.3085,71
4647,33926.4908,92161.2553,61
4648,34719.8164,91535.4084,74
4649,36060.629,92706.5541,95
4650,33837.0487,92952.1109,30
4651,33354.2831,91595.1239,45
4652,36033.6896,93972.4203,70
4653,36419.7904,93533.5212,59
4654,33872.0476,92937.1111,24
4655,34326.767,91234.2858,87
4656,34038.4335,91619.0155,81
4657,33328.7285,92105.6925,55
4658,36427.2872,92118.4878,16
4659,34657.8765,90870.1144,26
4660,35079.8094,91743.1927,43
4661,35122.0314,91689.5803,37
4662,33089.5786,93314.0581,61
4663,36040.3479,90775.6703,23
4664,35837.0196,91385.9658,89
4665,34402.04,92237.6491,76
4666,33638.1673,92797.6622,62
4667,33543.1739,93246.0019,72
4668,34027.5999,92688.495,50
4669,35420.3668,94258.5432,39
4670,35148.6968,92997.1159,88
4671,36355.9021,92907.6719,57
4672,34158.9833,92989.0616,47
4673,35355.3611,91622.9135,48
4674,34939.2552,92641.8296,33
4675,36075.0786,94069.3679,79
4676,35878.9691,94047.145,37
4677,33940.6595,91218.7264,83
4678,33423.4474,91793.7405,22
4679,33797.0498,91479.0119,64
4680,35107.0303,92873.5019,89
4681,35929.7944,90554.8304,58
4682,35637.8568,91195.1262,39
4683,36152.5747,93681.3021,43
4684,34629.5373,92441.2674,37
4685,34810.3727,91266.515,62
4686,35695.9109,91798.4762,27
4687,35570.0808,90331.2105,96
4688,35562.0249,91110.4012,40
4689,33574.839,93217.1124,56
4690,35485.3602,90601.7746,39
4691,35183.9757,91568.1885,50
4692,36155.0692,91240.4081,54
4693,34311.758,92986.8413,55
4694,35135.6413,91917.0871,11
4695,35929.5166,90577.0532,86
4696,33358.4581,93460.1747,71
4697,35774.2429,90672.3337,60
4698,35920.0742,89798.1381,58
4699,36372.8428,91317.3561,51
4700,35895.0801,94039.6447,89
4701,33401.7865,92469.04,19
4702,35698.1333,90178.428,47
4703,33118.7457,93052.6635,95
4704,36350.8983,90995.4015,90
4705,34098.4459,94072.695,72
4706,34716.7646,90900.3932,71
4707,35414.5271,93238.2324,26
4708,33048.1871,92405.7003,34
4709,35997.2994,93702.6908,89
4710,35513.6926,91230.6821,60
4711,33929.8243,91657.0721,30
4712,35541.469,91495.9667,42
4713,33464.844,93546.0106,54
4714,36280.6225,91414.0254,23
4715,35934.7975,92710.7206,13
4716,35531.7479,91065.6775,46
4717,36048.4125,94096.8688,30
4718,36235.0673,91668.7546,68
4719,36133.6801,91979.0395,74
4720,35641.7446,91831.5327,16
4721,35128.4276,94053.5391,58
4722,36074.5126,90377.047,13
4723,35535.6372,90160.0935,46
4724,33673.1628,91902.3565,48
4725,35325.647,94301.6006,40
4726,35251.7499,92206.8171,90
4727,33848.1612,93134.0575,99
4728,34668.1483,92317.9295,89
4729,35312.593,94434.3825,52
4730,35536.4705,90126.7592,47
4731,36255.0706,93222.6797,34
4732,33593.4531,93688.5132,32
4733,34555.6489,92521.2702,29
4734,34585.0931,92515.7145,93
4735,36297.5697,93183.2345,47
4736,34305.3712,93261.5685,15
4737,36473.6816,93767.4166,43
4738,36322.852,94019.3671,54
4739,33813.1608,92448.4871,50
4740,36287.8413,90122.0404,16
4741,36090.3476,91919.5934,52
4742,35452.5824,91323.1841,71
4743,33998.9927,91161.5027,38
4744,35250.0844,93129.6187,71
4745,36071.1794,90330.9344,63
4746,34019.5461,93287.6742,89
4747,35248.9731,93109.0627,95
4748,35987.8485,90529.2742,17
4749,35791.4651,91788.4764,74
4750,35283.6919,92587.6603,16
4751,33802.6098,91025.3859,31
4752,36286.7328,91995.7071,93
4753,34719.5367,92259.3161,35
4754,33665.6649,92415.4298,89
4755,35174.5388,94278.2672,50
4756,35306.1916,92607.6608,75
4757,34316.2035,93170.7339,88
4758,33135.9646,93909.9027,98
4759,35483.4154,91164.8467,95
4760,35174.8122,90166.4828,87
4761,35293.9802,94138.8182,92
4762,36276.1909,94538.2735,60
4763,34872.0342,92345.1532,29
4764,35927.2953,89918.9754,59
4765,33083.738,92229.3045,75
4766,35239.2614,94426.0494,48
4767,35256.1922,92476.2684,47
4768,36473.6776,93021.009,16
4769,35749.5222,92660.1638,59
4770,34044.2675,93279.341,10
4771,35698.9667,92517.1048,73
4772,33454.003,91303.1709,45
4773,35823.1304,90492.6064,35
4774,33261.7948,93368.2269,74
4775,33341.7934,93927.4056,20
4776,36334.2285,90383.7152,28
4777,33665.6661,92985.9988,89
4778,35305.6457,93953.535,76
4779,35670.0769,92179.5971,62
4780,34087.8886,93873.7987,26
4781,35146.7571,90125.9263,75
4782,35084.2593,90283.1523,66
4783,34860.6516,90592.3277,30
4784,36067.5684,90356.213,82
4785,34887.8719,91194.5688,69
4786,33292.896,92074.3025,16
4787,36338.6761,90942.8997,48
4788,34970.6437,92295.1519,74
4789,36142.8466,91926.5383,97
4790,36285.0647,90720.6695,88
4791,34566.2046,92447.6565,94
4792,35062.5859,92425.9896,44
4793,35485.9154,90913.4507,77
4794,34734.264,91049.8421,83
4795,34870.6483,91466.2411,96
4796,35303.1483,94381.8809,45
4797,34352.0394,92564.0488,45
4798,35722.5772,90384.5466,21
4799,35817.2976,89939.2535,50
4800,34301.7657,91402.3445,72
4801,35188.7047,94189.0979,50
4802,36464.2377,93830.7518,27
4803,33155.6869,93456.2846,74
4804,35611.7465,89938.6977,36
4805,34975.9215,91833.4725,95
4806,33626.2263,93240.4457,87
4807,33055.6916,92653.7661,59
4808,33219.5743,93154.6104,46
4809,33251.2397,93148.2216,66
4810,33329.0127,92538.4853,97
4811,33632.3342,92766.8284,24
4812,35668.4117,91244.85,31
4813,34854.8174,90792.89,88
4814,33066.7999,93814.067,67
4815,34443.1505,92353.7643,48
4816,36105.0722,92629.6083,41
4817,35904.8016,93940.1972,39
4818,33943.9907,92265.1478,54
4819,36235.6267,93189.3454,98
4820,33020.1341,93976.5694,89
4821,35758.1319,90322.3223,80
4822,33263.4561,92309.0302,40
4823,33157.3541,92651.822,95
4824,35888.6841,90273.1542,65
4825,35248.148,94202.987,54
4826,35728.6881,90178.7059,72
4827,36262.5706,93321.8492,93
4828,36342.2847,90103.9845,27
4829,35633.4126,90042.3121,40
4830,34075.0994,92555.4359,45
4831,35720.0774,90688.1673,39
4832,35022.8667,93047.674,27
4833,36208.1222,90762.6146,94
4834,35046.2024,91197.3469,38
4835,35583.4137,90483.7159,83
4836,35407.5894,94276.5994,79
4837,35344.2466,92552.9372,64
4838,35260.0865,91260.9595,60
4839,36149.7914,91510.9716,73
4840,36059.7911,90543.9967,94
4841,35811.7423,91222.3501,76
4842,35112.8655,93168.7878,81
4843,34296.2041,92852.9473,54
4844,35252.032,90933.7286,42
4845,36387.8433,92104.3207,68
4846,35005.927,90397.3217,96
4847,35516.7489,90236.7626,86
4848,36297.8443,91515.973,32
4849,35402.0287,90753.1682,45
4850,33702.3315,93020.4437,66
4851,35527.5777,92439.8796,33
4852,36295.6301,94010.4778,62
4853,36237.2964,93796.3052,59
4854,34843.985,90639.8293,85
4855,35491.1924,91400.4085,34
4856,36330.3469,93347.9611,99
4857,35364.5296,90578.9956,59
4858,33650.9545,93986.5777,79
4859,33574.8415,93589.3447,21
4860,35869.7964,91830.9784,82
4861,35191.7548,91235.6812,59
4862,33684.008,94243.5318,14
4863,36096.7415,93302.6808,40
4864,35470.6435,94257.7097,99
4865,34658.9811,92587.3836,84
4866,36241.1826,93444.9081,27
4867,35671.4669,92636.5517,13
4868,33306.5063,91399.562,40
4869,36093.1234,90461.772,61
4870,35113.1425,93053.229,90
4871,34180.3761,91860.4121,49
4872,35705.3554,90053.4237,18
4873,34280.3818,90878.1643,24
4874,34435.1068,94411.325,25
4875,36175.3489,92646.2756,92
4876,34538.7058,91874.0255,34
4877,36045.0724,92501.5503,89
4878,33267.6263,92507.3711,39
4879,33519.5561,92224.5878,47
4880,36176.7389,92910.4487,49
4881,35225.0889,90325.0983,88
4882,36226.4647,94035.4781,20
4883,34445.6565,91000.671,81
4884,36483.3985,93205.458,90
4885,35244.2546,90455.6579,94
4886,36375.8943,90330.6586,80
4887,34443.9881,91220.1202,50
4888,33420.9539,92719.049,69
4889,33128.1779,91961.2427,61
4890,35464.8008,92215.4305,12
4891,34148.716,90981.7766,21
4892,36406.4544,92183.489,77
4893,33997.8777,93105.727,51
4894,34490.1005,90956.2265,96
4895,35034.2577,91319.8497,80
4896,36421.175,91141.5178,90
4897,33262.3502,93018.2198,42
4898,35872.5738,90008.7004,69
4899,33491.2242,91399.5634,30
4900,35747.021,90421.7704,27
4901,35744.2433,90357.8791,31
4902,35751.4654,90376.2132,10
4903,34031.4949,93502.959,90
4904,35855.3519,90041.7571,75
4905,35552.3033,90084.5355,100
4906,35484.2474,91583.1913,61
4907,36095.348,91207.9066,68
4908,35755.3543,91030.1221,28
4909,33525.39,91435.9538,92
4910,33474.2805,91242.6132,85
4911,35421.1925,91758.1961,25
4912,36464.511,92920.1731,62
4913,35312.0354,94198.8198,67
4914,34439.8127,92945.1742,37
4915,33667.891,93204.8895,83
4916,36114.5189,93473.5192,64
4917,34764.2583,92228.2039,16
4918,35076.7566,91363.1839,16
4919,35173.1449,90489.2696,86
4920,35682.856,90512.0509,12
4921,34012.0455,93254.0619,88
4922,33091.7991,93908.2356,95
4923,33019.584,92968.4943,44
4924,35892.2961,89918.6975,53
4925,33070.1267,92187.9145,97
4926,36228.4008,92112.6532,27
4927,34236.7597,92923.5048,84
4928,35247.8631,91669.5803,16
4929,35454.2563,94440.7704,68
4930,35851.7416,91304.2971,17
4931,36020.6334,93859.9172,50
4932,35612.3019,90012.0333,57
4933,35522.3042,90357.6,74
4934,36125.9065,92917.6708,28
4935,33259.0174,92755.1608,81
4936,34620.9305,91251.2346,25
4937,35625.3567,91428.7433,100
4938,35949.5238,93980.4761,32
4939,35208.4219,90560.1055,74
4940,33682.61,92704.6048,49
4941,33607.8907,92740.1611,27
4942,35719.7994,90126.4818,12
4943,36040.0712,91216.2399,18
4944,35300.082,92892.946,56
4945,34863.7051,91274.5708,41
4946,35602.2995,92196.264,62
4947,35106.4808,90310.3753,54
4948,35868.1298,90945.6751,60
4949,35768.9662,92445.9925,35
4950,35850.076,92502.1052,51
4951,34297.3206,91473.7348,13
4952,36331.455,92095.9868,69
4953,33457.3413,92827.9401,94
4954,35193.1444,90899.5607,62
4955,35728.966,90484.2726,13
4956,36480.896,91187.3529,83
4957,33465.3917,91283.1702,83
4958,34401.7656,91322.6219,94
4959,33227.6191,91189.2772,80
4960,33354.5694,93237.9457,69
4961,33122.0666,91435.3951,49
4962,36337.8426,90909.2876,98
4963,34176.7653,91655.1276,31
4964,35154.5321,91502.3533,12
4965,35265.6497,94429.1049,68
4966,35562.0249,91225.9599,98
4967,35623.1349,91113.4571,38
4968,35728.9658,90232.3188,84
4969,34173.7218,94018.527,23
4970,33109.566,91262.0567,36
4971,34365.103,90831.2207,25
4972,33202.6297,93466.0073,58
4973,34168.428,92936.2821,86
4974,35327.0305,90825.9478,50
4975,34256.7714,90839.5514,72
4976,35594.2441,92277.9324,93
4977,33283.7288,91260.6685,89
4978,33973.1559,92879.6111,45
4979,36309.7882,91828.2034,97
4980,33464.5658,93413.5071,58
4981,34951.4821,91180.1241,32
4982,35230.644,90399.2673,43
4983,34232.3186,93333.5124,71
4984,34376.7608,92637.6624,30
4985,34778.9801,92557.6604,84
4986,35780.6316,90980.3984,48
4987,35491.4709,90974.2858,66
4988,35652.5787,91288.7399,16
4989,35178.7003,90803.4467,16
4990,35673.6876,91959.5918,47
4991,35223.6995,90643.164,94
4992,35587.3011,91757.086,53
4993,33042.3593,93164.6099,69
4994,36181.7412,93714.9141,92
4995,33123.1899,92726.2696,37
4996,33261.2392,93885.4591,17
4997,34572.868,92987.6767,42
4998,36170.346,91775.9792,88
4999,36360.6209,91693.478,24
5000,34223.1482,93002.9519,39
5001,36185.8983,90285.378,65
5002,35548.4146,90334.8216,32
5003,35057.3088,92187.0937,97
5004,34833.1452,91980.4196,52
5005,35480.6436,94302.433,92
5006,36164.7882,90510.6623,48
5007,36143.6845,93166.8442,57
5008,35436.195,90385.1007,59
5009,35177.8626,92969.615,92
5010,36456.7317,92233.2128,56
5011,33106.2403,92380.9769,14
5012,35227.5838,92152.9269,19
5013,33844.2704,91777.6311,75
5014,35405.6393,93359.6253,19
5015,33867.0478,91655.1277,10
5016,34873.9847,90562.3267,100
5017,36490.349,93931.8661,64
5018,35650.3566,90710.112,89
5019,36079.7974,93400.4613,87
5020,36250.9038,92761.5561,52
5021,35127.0328,91455.1301,11
5022,34540.0954,91706.2429,58
5023,34701.4813,92335.1523,73
5024,35777.0205,90815.6712,35
5025,35180.0891,90560.3831,46
5026,34877.595,90907.6159,22
5027,35411.7514,90278.4305,67
5028,33107.0765,93722.9548,48
5029,36368.1285,93914.0869,78
5030,35110.9178,92515.9921,61
5031,34193.4315,91889.3021,21
5032,33491.5085,93195.7237,44
5033,33242.3423,92088.4688,83
5034,35012.0315,92414.0449,37
5035,35545.9145,90045.6455,77
5036,35331.7519,91230.4035,75
5037,36101.1886,93991.3099,86
5038,34888.7033,91495.1305,78
5039,34218.4418,93911.8582,86
5040,35353.1356,92597.3828,50
5041,34868.423,92190.7037,39
5042,36341.1728,90220.3771,33
5043,35215.6489,94255.7663,78
5044,34752.8758,90672.6084,63
5045,35638.6903,89980.6435,46
5046,35123.6984,91645.1348,59
5047,33702.3338,93179.3336,82
5048,35779.2427,90535.3854,63
5049,33978.7123,92274.0373,35
5050,34717.8766,90655.3856,36
5051,35912.0173,90014.5341,30
5052,33535.6678,91324.8387,91
5053,33532.8899,91375.3961,85
5054,36121.4559,90434.2711,57
5055,35235.088,90927.6173,29
5056,33095.6876,94041.5718,39
5057,35780.6313,90304.8217,74
5058,34122.5994,91559.0139,18
5059,35803.4084,92123.763,83
5060,35263.9711,92867.3897,26
5061,34281.2082,92150.1455,21
5062,34020.9368,93374.3437,10
5063,36259.2298,90229.2657,13
5064,33748.1628,92567.1016,57
5065,36213.1272,92921.2824,33
5066,35761.1877,91814.0325,12
5067,36108.1311,93712.4137,33
5068,35237.5844,91906.8095,64
5069,34326.7601,92788.7784,37
5070,35543.1369,90502.8829,49
5071,36120.3537,93801.8605,60
5072,35233.9778,90207.3172,18
5073,34501.4817,92636.552,52
5074,35287.5814,92786.8322,46
5075,34358.4418,94371.8783,20
5076,34503.4361,90620.1066,53
5077,33821.2149,92034.0285,78
5078,33260.9607,92622.6544,77
5079,35853.6855,90801.5041,70
5080,33446.5028,92174.0294,99
5081,35404.8055,93310.7348,60
5082,36391.1718,90443.44,22
5083,36254.2421,94034.6447,83
5084,35243.1373,92733.2197,84
5085,34990.0884,91736.8032,72
5086,35938.9688,94048.2561,65
5087,34651.4818,92234.0376,30
5088,36261.4675,94357.7108,74
5089,34035.3884,93772.1273,51
5090,34966.7614,90384.8214,89
5091,35814.2418,90017.0338,20
5092,33361.7849,92272.6421,35
5093,36157.8468,91131.7933,96
5094,34431.7646,91442.9026,18
5095,35298.6915,92519.3252,100
5096,35484.5265,93311.0122,55
5097,35030.0883,92976.5608,72
5098,34343.9922,90836.7759,68
5099,36188.1237,90989.5664,88
5100,35398.1362,92065.1487,54
5101,36335.0691,93092.3989,89
5102,34852.5954,91051.787,28
5103,33109.856,93263.779,56
5104,35512.8592,91274.572,41
5105,34713.4256,92285.4282,68
5106,36050.3484,90975.1205,53
5107,33437.0587,91452.6205,59
5108,35130.9245,90193.1502,19
5109,34534.8238,90673.1642,29
5110,34422.0409,91706.2418,30
5111,33178.1865,93355.7262,53
5112,35052.8692,91126.2338,77
5113,34188.9891,91360.9538,100
5114,36202.5683,91174.5727,65
5115,33547.0672,94041.8565,14
5116,33052.6231,91289.5572,72
5117,35489.526,91319.8508,34
5118,33872.6088,93404.6191,46
5119,33911.7696,92424.5977,15
5120,34866.2005,92110.1458,73
5121,35262.866,90217.5953,24
5122,35696.7446,91704.5847,99
5123,35178.1451,90429.2679,83
5124,33351.2362,93368.7829,54
5125,34721.4874,90677.3308,70
5126,34822.0351,92321.5409,92
5127,33256.2294,91286.2247,23
5128,35197.3178,94439.1059,99
5129,35285.921,90227.04,20
5130,33428.4495,92314.312,33
5131,36017.0161,91336.2433,44
5132,33265.9613,93167.1108,83
5133,35507.8601,90147.0374,13
5134,34437.5911,92887.672,63
5135,35602.3022,90519.2728,70
5136,35044.8153,90361.4876,95
5137,34596.2069,91546.5181,26
5138,34413.1512,92172.0911,26
5139,35360.0837,91484.5762,77
5140,36312.8476,92987.3959,67
5141,33357.3457,92697.3811,36
5142,33625.6678,92813.218,84
5143,35792.2982,91223.4612,88
5144,33026.2369,91609.5657,31
5145,33193.7401,92515.9823,57
5146,36403.6754,91526.5293,19
5147,34496.7674,90891.5031,73
5148,36266.7336,91628.1982,55
5149,36084.2367,91988.2062,97
5150,36320.063,90602.0551,22
5151,34107.3278,90963.7199,56
5152,35382.0285,93364.3479,41
5153,34882.0401,90549.5485,39
5154,35236.7547,90894.283,84
5155,34053.1621,90954.2745,48
5156,34140.932,91909.0249,57
5157,33464.5572,91793.7407,93
5158,34424.5347,93095.1795,57
5159,34552.3225,90803.1682,29
5160,33328.7279,91281.7806,77
5161,33225.1194,91126.7752,10
5162,34536.7608,92265.428,96
5163,34794.5356,92244.0379,93
5164,33393.1793,93288.7806,23
5165,34308.1484,93206.5675,94
5166,35378.6965,90181.4831,37
5167,34335.6581,90967.6124,20
5168,34263.4279,92751.2765,41
5169,35250.3658,90386.767,75
5170,36111.736,91867.9256,61
5171,35935.9051,90257.876,62
5172,36419.7897,92914.8948,67
5173,35147.3132,90292.5972,49
5174,34250.0976,92066.809,82
5175,33372.3385,91156.4988,39
5176,34300.3728,92639.051,76
5177,34169.5418,92590.9931,99
5178,36219.7861,90249.5438,22
5179,35738.1324,90333.4337,81
5180,33253.7392,93492.6752,28
5181,33648.7223,92920.1643,33
5182,34788.7024,92276.5391,79
5183,33404.5659,92836.5512,95
5184,35815.9091,91713.4746,16
5185,35990.9052,91016.5104,93
5186,34153.7098,91797.3541,70
5187,35007.3135,91364.8505,30
5188,35807.5752,90100.3701,26
5189,35836.7418,91246.5177,41
5190,33556.7813,92669.0483,92
5191,36343.9613,93752.9713,62
5192,34563.4304,91376.5141,56
5193,35989.2377,90717.613,14
5194,36388.4058,93906.8646,39
5195,33390.9555,92791.8283,54
5196,35316.4752,90573.7175,10
5197,35814.5195,90060.9243,38
5198,36014.5211,93552.4094,23
5199,35765.631,92083.7618,97
5200,33715.3864,91215.1137,43
5201,33350.4029,93347.3933,14
5202,33383.1715,91205.1115,81
5203,34192.0489,90962.332,87
5204,33763.4401,92908.7756,78
5205,35757.2987,90480.3837,52
5206,35756.1879,89928.1419,32
5207,35330.9141,92762.6649,11
5208,33176.5201,93300.169,10
5209,35612.5793,91362.6305,73
5210,33342.6251,93174.3336,95
5211,34454.2581,92844.6148,12
5212,35015.6492,90385.3771,76
5213,35779.2424,90235.9303,48
5214,36434.7896,93497.4092,55
5215,34555.3778,90858.4471,95
5216,35642.0235,90554.2741,97
5217,36139.7966,93587.411,62
5218,35788.1311,91883.7569,50
5219,34773.7082,90757.6112,44
5220,36187.0095,90383.1586,25
5221,35276.1941,92999.3376,10
5222,33327.8966,92222.6397,44
5223,36299.2446,94340.7659,94
5224,33584.833,91405.1197,60
5225,35348.4246,94340.7683,83
5226,36052.851,92647.1085,15
5227,34808.424,92181.814,90
5228,33689.5528,91334.8399,43
5229,35540.0816,90231.4847,36
5230,35597.8578,90581.219,80
5231,35256.1979,91200.1246,54
5232,35270.0874,90602.0516,58
5233,36440.0598,90391.4945,96
5234,35214.8108,90837.6146,23
5235,33628.9986,91399.5641,78
5236,33192.0692,92293.7514,98
5237,35692.8557,91658.1946,27
5238,35473.9689,91818.4762,32
5239,33268.4609,93499.0644,54
5240,33347.9029,93209.8897,79
5241,34696.7591,92350.9862,96
5242,35493.143,94267.1542,40
5243,33350.1241,93025.1647,86
5244,35743.6877,91849.3111,48
5245,33555.3942,93125.7225,26
5246,35426.4732,90214.5396,78
5247,35148.4169,92554.0487,29
5248,35359.2521,90754.2792,54
5249,34781.7605,91493.7414,90
5250,35336.1914,92636.2727,71
5251,34254.2589,92963.5065,66
5252,34297.0413,92189.0359,46
5253,35292.8624,91607.9124,52
5254,35560.0806,91052.3439,44
5255,35981.4601,90023.7013,22
5256,35339.259,94422.993,69
5257,35980.3486,90423.4373,28
5258,33395.9546,92634.0459,39
5259,35157.0385,94149.6524,56
5260,33920.116,94186.0316,93
5261,35974.5166,91027.6219,98
5262,33274.0077,91691.5149,40
5263,36323.6769,92012.6519,13
5264,36197.5646,90241.2101,97
5265,33905.6584,91499.0123,97
5266,34335.9372,90779.5518,34
5267,34296.7712,90793.7178,25
5268,36377.2904,92845.7261,41
5269,34734.8192,91104.5658,22
5270,35425.0847,93544.9095,66
5271,35422.5839,90600.6633,51
5272,33297.6178,91493.7317,40
5273,35741.1881,89963.6985,81
5274,35472.5782,92339.5996,34
5275,34505.3672,92989.0655,18
5276,36067.0129,90427.882,29
5277,35195.0858,91730.6929,15
5278,33306.5107,92350.4217,96
5279,36265.8999,91780.4244,31
5280,35115.0919,90267.0407,55
5281,33850.9367,92158.477,29
5282,36013.6865,92950.1712,30
5283,34108.9964,93691.0173,38
5284,35196.7491,92555.1596,43
5285,33377.0707,93981.2963,56
5286,36292.5661,91885.7046,72
5287,35835.6313,92317.9342,23
5288,35701.4666,90696.223,89
5289,36113.4024,90893.7296,60
5290,36183.6792,91705.6998,66
5291,36361.4575,93084.621,36
5292,35895.6291,90837.3385,47
5293,34548.1471,92770.7234,20
5294,34106.2207,93813.7974,98
5295,33924.5593,94374.0943,89
5296,34002.8783,91814.2993,62
5297,35822.5749,90535.1076,27
5298,35873.1296,90860.117,35
5299,35819.5194,90651.222,50
5300,35061.204,90328.9868,34
5301,33556.228,93167.1119,21
5302,35042.5864,92612.1062,69
5303,35370.9232,94242.1541,58
5304,33064.8596,92925.4388,79
5305,36460.6218,93132.1227,23
5306,33531.7773,91875.41,40
5307,33188.4591,92339.3087,69
5308,35420.3624,93516.2974,25
5309,35419.5331,94205.2083,76
5310,33165.966,92744.6041,18
5311,34333.9857,91839.8563,82
5312,33198.4626,92560.4289,46
5313,35184.8094,91473.7417,48
5314,36306.73,90094.5396,45
5315,35815.91,92550.4395,21
5316,35557.0254,89949.5313,96
5317,35554.2478,90134.2595,100
5318,33315.9585,92662.9349,13
5319,33165.6769,91941.5204,48
5320,34611.2107,90755.6671,97
5321,36108.4007,90481.4948,73
5322,33145.411,93104.3314,17
5323,35567.8579,91357.3523,36
5324,33249.2947,92631.8214,74
5325,35987.8506,89807.583,45
5326,34198.9888,93461.5717,61
5327,34742.0364,92329.5964,28
5328,33948.99,92032.3621,10
5329,35358.9708,92959.3369,32
5330,35421.2003,94294.3776,50
5331,33598.4495,93241.8348,78
5332,34348.4252,92904.0607,88
5333,34930.6441,91911.8077,86
5334,35430.6454,94391.6025,74
5335,36456.1777,93436.5744,14
5336,33729.2829,93620.7337,11
5337,34188.4385,90902.6079,32
5338,33462.6192,93025.1653,30
5339,33767.6186,93924.0763,31
5340,35676.1889,92488.2151,93
5341,35326.7478,92802.9437,65
5342,35940.0731,91198.1833,69
5343,33384.8464,93575.7328,85
5344,34943.1441,92212.3715,47
5345,36190.9055,92966.0058,70
5346,36452.2883,93188.513,42
5347,34474.2615,92253.2054,16
5348,35725.9105,90837.894,92
5349,35225.082,92692.1075,50
5350,35842.2982,92457.1041,86
5351,36294.7888,91382.9134,20
5352,33402.8994,92912.1078,10
5353,34905.0891,92447.6569,39
5354,34576.21,91065.6742,59
5355,33797.8962,94019.0798,59
5356,35263.4208,90571.2172,56
5357,35627.8551,92239.8761,51
5358,35073.426,90311.2086,95
5359,33147.6289,92430.9789,71
5360,35440.6351,92127.9283,33
5361,35477.5828,90039.2564,54
5362,33977.324,91382.0645,30
5363,35589.2467,91061.2332,72
5364,33878.1722,94165.1971,86
5365,35192.8663,91050.954,55
5366,34076.7775,93859.9091,73
5367,33696.5047,93537.1207,57
5368,34819.542,90478.9909,27
5369,35090.6438,93180.455,92
5370,35823.9644,91587.9156,26
5371,34033.4335,91770.9644,19
5372,33204.0191,93312.1138,13
5373,35878.9626,90702.6124,22
5374,35816.464,90584.2757,91
5375,34648.1557,90639.8295,34
5376,35347.5824,91874.3097,62
5377,36382.839,90190.6542,19
5378,34390.3802,90869.5556,96
5379,34976.7617,90305.3749,16
5380,34582.8763,91113.1754,27
5381,34564.8156,92489.6024,11
5382,33251.5085,92072.9131,30
5383,36324.5177,93877.9745,25
5384,34102.8768,91992.3612,84
5385,33437.9006,93606.2892,56
5386,33971.4957,93456.0119,21
5387,34825.6461,92496.8252,72
5388,36478.3947,90822.6205,18
5389,35442.3053,90986.5083,73
5390,35312.584,91677.0812,11
5391,35492.8562,92614.8833,30
5392,33865.1095,93427.9531,24
5393,35345.3636,90719.5558,87
5394,36387.0143,93609.9122,46
5395,35483.6975,94017.7021,72
5396,36236.1865,94015.4775,71
5397,36000.9046,90897.0624,16
5398,33237.8972,91511.5095,23
5399,35475.9148,91411.2419,16
5400,34570.0993,91022.8954,13
5401,34324.2614,92639.8844,64
5402,36237.5709,92816.8353,56
5403,33666.5078,93725.7362,50
5404,36082.2925,91118.4589,38
5405,34286.7635,92280.7058,67
5406,36342.0189,94061.8685,81
5407,35025.6424,92422.3784,50
5408,34534.82,91303.7344,12
5409,34475.6586,90643.718,65
5410,35263.9766,90647.0531,42
5411,33981.7678,92624.604,45
5412,34021.225,94365.4841,99
5413,35095.0918,90373.4326,94
5414,35899.2409,89853.1399,100
5415,35112.031,93010.45,25
5416,36332.8466,93201.0128,75
5417,35370.3605,91676.2485,25
5418,34768.4249,92309.8735,61
5419,34114.5574,94316.5949,28
5420,36091.4642,93573.7993,96
5421,35101.2034,90245.3735,19
5422,33281.7931,92614.5988,54
5423,34540.3768,91110.1192,31
5424,36160.906,92952.672,29
5425,33874.2707,92553.7684,26
5426,34023.4331,92041.2515,10
5427,35308.4226,93883.533,43
5428,34261.2149,90932.0542,72
5429,36233.4012,91251.7978,96
5430,33010.682,91855.1276,88
5431,35664.5228,91309.2961,45
5432,36263.1185,90292.6008,36
5433,36196.1832,93266.8472,93
5434,33743.441,93024.6105,55
5435,35714.7996,90091.2028,79
5436,34046.2256,94242.9801,96
5437,34445.0952,92183.2028,77
5438,33806.7758,93277.6692,90
5439,34897.3182,90446.7677,77
5440,35087.0303,92799.0556,37
5441,35230.0871,91281.5155,16
5442,36358.1175,90139.5412,68
5443,35123.1472,90225.9286,81
5444,33637.6201,94207.4189,44
5445,36142.569,91011.7891,50
5446,35770.6318,90954.5642,31
5447,33363.1717,91716.516,80
5448,35746.7434,90973.7315,69
5449,33958.4347,92190.1454,26
5450,35262.8655,90666.7761,56
5451,35423.6993,94104.0941,71
5452,35293.697,91241.2369,58
5453,35673.9672,90340.1003,24
5454,35367.8584,92790.1656,97
5455,34387.5923,92825.4469,76
5456,33669.0053,93529.8985,30
5457,34633.4296,91385.1265,70
5458,33444.5693,93977.6863,92
5459,34069.8217,92127.9215,24
5460,35516.4688,91669.3054,25
5461,35238.6991,90595.9402,57
5462,35625.0794,89992.0326,55
5463,34132.3192,92794.3325,69
5464,33886.2135,92018.4725,84
5465,36037.0215,93798.249,57
5466,34008.4433,93697.1256,56
5467,34631.2025,92766.2785,20
5468,36277.8485,93459.9086,46
5469,35788.966,92513.772,75
5470,35634.2449,92690.9971,65
5471,35735.3548,92264.5992,23
5472,36370.0658,92136.2656,61
5473,35722.8552,91538.7469,63
5474,36355.0653,91638.7543,10
5475,35919.7957,91290.1304,44
5476,36045.9038,91816.2573,22
5477,34371.7673,91136.5062,98
5478,36453.3933,90145.3751,96
5479,35838.4076,91917.9249,21
5480,35442.0282,90142.8708,29
5481,33873.4365,92267.0918,45
5482,33480.6764,93357.3944,38
5483,35765.9095,90435.9376,92
5484,33334.8468,92701.27,94
5485,35653.1345,89949.5313,73
5486,33751.7855,93902.6867,90
5487,35527.5782,92611.828,21
5488,35977.8495,90864.006,47
5489,36341.7323,91409.8588,52
5490,36366.732,91912.9277,60
5491,35678.1339,90606.4981,29
5492,33934.2677,92981.8356,93
5493,36208.9565,90958.1767,75
5494,34620.0931,92395.4325,93
5495,34089.2663,91718.7405,16
5496,33190.1303,93411.0056,23
5497,36222.8445,90854.0066,65
5498,34151.7678,93449.626,42
5499,33626.5084,93722.1249,38
5500,33870.9502,94000.4679,98
5501,33275.396,91170.9433,99
5502,35471.4712,91230.9596,23
5503,33671.7771,92725.7165,26
5504,35970.6306,92745.999,17
5505,33458.7241,92104.3051,16
5506,35025.3712,90373.1546,95
5507,36188.4019,91421.5249,78
5508,35110.6527,94438.5514,92
5509,36166.18,91144.2938,26
5510,33364.8455,92724.8822,96
5511,34710.375,91104.01,65
5512,33794.8282,92817.6632,86
5513,33135.6883,92650.1552,98
5514,34775.3748,90908.4491,64
5515,35260.9207,90523.1601,80
5516,33054.0224,93867.6789,69
5517,33225.1285,92574.874,32
5518,36080.3484,91303.7428,68
5519,34062.3237,93338.7876,30
5520,33324.5697,93048.2205,17
5521,36252.8484,92802.1127,71
5522,35331.4811,94401.0479,31
5523,34585.3788,90653.9967,15
5524,35821.4637,90464.5498,63
5525,35426.4678,92389.8781,16
5526,35425.0844,93493.7965,67
5527,33916.7689,92848.2207,30
5528,34789.8198,90597.8836,45
5529,33506.5061,93021.5544,56
5530,33587.6195,93648.5124,79
5531,34732.8699,92442.9342,86
5532,33190.6869,93020.7191,39
5533,35619.2463,90088.9803,67
5534,35404.5293,90232.5957,76
5535,35678.4116,90570.9414,44
5536,33365.4024,93495.1758,27
5537,34039.2669,92277.3711,86
5538,35704.522,90341.4894,73
5539,35641.1902,90248.7079,16
5540,33449.2885,93310.4483,28
5541,35077.03,92604.6058,38
5542,36031.1875,93398.2387,58
5543,35522.5813,91116.5122,32
5544,36457.2864,91873.2049,82
5545,34500.3748,91552.6281,60
5546,36454.5056,90721.506,76
5547,35751.188,91500.6905,36
5548,36483.4084,94458.5488,24
5549,33520.3911,92355.7045,33
5550,35447.5811,91695.9722,85
5551,35368.691,92627.6614,96
5552,36457.0064,90841.5095,19
5553,35976.1925,94398.2694,90
5554,35021.754,92757.9438,45
5555,34686.4815,92242.3711,22
5556,35821.742,91128.4584,74
5557,33842.6062,93162.3908,61
5558,34836.4793,92231.2601,37
5559,34619.5376,92221.2595,16
5560,35792.0208,91751.2532,20
5561,33286.2293,91584.2898,45
5562,35571.1908,91479.0221,13
5563,35995.3566,93932.4192,92
5564,35337.8637,90445.6579,21
5565,33712.3297,91452.8998,36
5566,35162.8667,91167.346,65
5567,36334.2285,90472.6067,94
5568,35340.919,90548.7168,63
5569,33819.8393,93894.353,62
5570,34515.9283,91871.5253,45
5571,34856.2071,90608.1617,78
5572,34449.2599,92654.0523,53
5573,34499.8229,90865.3916,72
5574,33500.9514,93087.1109,75
5575,35966.1824,90537.8855,91
5576,35393.1395,91230.6816,77
5577,34476.2115,91018.7275,10
5578,35376.196,90507.3266,60
5579,33835.6595,91720.685,13
5580,35512.3044,90389.2677,16
5581,34575.9299,91460.6828,30
5582,33483.7267,92421.2624,54
5583,34061.5022,94361.04,81
5584,35302.8634,91268.1821,41
5585,33075.9625,92334.8639,44
5586,36259.7887,91921.2608,23
5587,35323.9793,94092.9834,97
5588,35830.0744,90283.9877,41
5589,34821.7571,92162.0913,14
5590,34326.4863,91634.0168,41
5591,35777.2984,91163.7371,98
5592,34862.04,90652.3297,75
5593,33346.5055,91198.7223,74
5594,36315.3553,94304.0979,14
5595,33699.5537,92820.4405,42
5596,33037.0696,92027.9101,85
5597,36109.2398,92827.3905,88
5598,35756.7431,90055.9239,21
5599,33263.4613,93054.0536,70
5600,35212.3115,90300.9309,69
5601,36396.7317,91982.6515,79
5602,34388.7138,90828.7213,57
5603,36043.403,90671.2227,64
5604,35565.3583,90933.7294,72
5605,33351.514,93295.7251,30
5606,33226.5185,93225.1671,17
5607,34713.4249,92091.2551,19
5608,33249.8418,91744.0163,97
5609,35627.5793,90617.6092,41
5610,33949.2821,94292.4251,75
5611,34552.594,92083.4769,98
5612,34276.4863,92030.9744,92
5613,34675.0927,92304.0401,29
5614,35538.9705,90178.4274,52
5615,33819.8296,91150.1123,65
5616,33310.1263,93141.8329,37
5617,34468.7119,90955.9482,17
5618,33647.3317,92374.0392,63
5619,34189.2649,92065.6976,94
5620,35818.4101,92659.3306,73
5621,34145.9357,91176.7823,52
5622,33669.2742,92210.144,48
5623,35620.3571,90898.4508,58
5624,33021.2466,93466.0062,11
5625,35445.3606,91231.5151,72
5626,33115.4128,92762.6597,42
5627,33140.9551,91994.0214,54
5628,34223.709,92060.142,32
5629,35004.5432,94410.218,35
5630,34550.6573,90641.7741,96
5631,36288.1289,93763.2491,88
5632,36252.8585,94566.3299,27
5633,35207.0306,91614.3009,14
5634,35521.1931,90213.4285,25
5635,36024.7989,93630.4669,73
5636,36320.3436,91863.2042,23
5637,35422.0232,92462.1018,29
5638,36119.7908,90813.1716,96
5639,35771.4649,90126.2042,41
5640,34273.9862,92090.9766,82
5641,34064.5443,91756.7972,39
5642,34764.2653,90547.0486,36
5643,36141.1873,93896.0297,83
5644,33219.0085,91985.9665,23
5645,33199.8424,91965.4103,44
5646,34614.2577,92888.5059,31
5647,35511.4712,90268.4302,21
5648,36186.4568,92008.7625,64
5649,36263.9555,92056.8192,32
5650,35460.6384,90740.1123,36
5651,35837.5764,92573.7733,66
5652,34259.8198,91929.8593,100
5653,36378.1241,92986.5631,41
5654,34133.7085,92746.2753,47
5655,35210.3616,92929.6137,48
5656,35568.1363,90042.0342,87
5657,35847.2965,90061.7578,16
5658,35138.1412,92943.7813,56
5659,36234.5114,91815.425,17
5660,35218.9775,90701.7771,30
5661,35897.5734,91909.5918,64
5662,35327.8585,92729.8862,24
5663,33582.3353,92515.9891,63
5664,36337.0136,93060.4536,72
5665,35966.7382,90036.7573,34
5666,35663.4099,92080.706,48
5667,36294.2336,92172.3768,52
5668,35710.9113,92663.7747,71
5669,35294.2517,91491.2425,65
5670,34837.3178,90796.5012,85
5671,35198.701,90248.7071,94
5672,33834.2828,93809.9055,62
5673,35357.3075,90519.5491,73
5674,35487.0271,90443.9917,47
5675,33408.1707,91254.0022,87
5676,34453.9865,91488.1817,29
5677,33574.5608,93181.0008,75
5678,36285.348,92914.3383,83
5679,34983.7038,91163.1793,73
5680,34819.5346,91879.3054,38
5681,34922.311,91874.0287,52
5682,35648.1371,93420.4601,43
5683,35518.9701,93212.6761,20
5684,35551.4712,93430.1828,16
5685,35560.3601,93449.9056,62
5686,35706.4694,93153.5087,63
5687,35530.6348,92790.7215,35
5688,35660.9119,92805.1669,23
5689,35367.5853,90417.6015,42
5690,35414.8063,90553.1617,76
5691,35377.8622,91140.4013,16
5692,34730.3737,91281.5148,90
5693,34704.8171,91481.7961,44
5694,34739.8169,91443.1848,49
5695,35296.475,91102.3444,71
5696,35939.5222,93166.2874,48
5697,35812.5795,93147.1199,52
5698,35787.5792,93063.5075,68
5699,35934.52,92766.5551,48
5700,35765.3556,92772.6663,36
5701,35806.1884,92784.0556,14
5702,35857.5747,89918.1419,66
5703,34879.8173,90996.5077,65
5704,34877.0393,90862.0588,40
5705,34841.4847,90996.5076,45
5706,33026.5263,92666.8221,34
5707,33104.5786,92663.4889,12
5708,33136.8007,92771.5489,95
5709,33124.3001,92666.8226,50
5710,33161.2359,92245.4162,79
5711,33171.521,92721.8254,71
5712,33249.0162,92533.4831,37
5713,33135.4114,92709.8801,35
5714,33274.5676,92356.81,41
5715,33096.2438,92551.5396,100
5716,33052.6379,92749.6033,47
5717,33147.6335,92835.4386,88
5718,33226.2402,93442.9513,90
5719,33232.0734,93382.9494,92
5720,33399.5679,93339.06,31
5721,33403.4561,93175.1673,50
5722,34859.8132,91669.5783,54
5723,34965.6474,91384.0175,69
5724,34972.0357,91446.7965,72
5725,34948.1468,91510.6865,54
5726,34743.1507,91387.3503,11
5727,34909.8147,91406.24,15
5728,34847.5918,91603.4658,99
5729,34979.5327,91782.082,73
5730,33908.1704,94407.1507,100
5731,33679.5651,94008.8009,57
5732,33719.286,94124.9167,84
5733,33716.7864,94056.303,77
5734,33698.7304,94182.9743,40
5735,33607.0654,94150.1943,36
5736,33705.1167,94405.7594,56
5737,33584.2889,94031.3009,38
5738,33664.8413,94271.5881,60
5739,33720.6755,94018.2462,47
5740,33046.5244,93341.8366,68
5741,33068.1915,93185.166,50
5742,34078.4328,91858.1897,33
5743,34123.1548,91690.6842,97
5744,34123.1548,91665.1279,11
5745,33970.9346,91585.4035,57
5746,33838.9929,91658.4611,18
5747,33457.0657,93239.0574,81
5748,36341.7322,91127.6278,68
5749,36307.0104,91032.6244,23
5750,36250.6224,90962.0659,31
5751,33550.9431,91987.6354,16
5752,33476.5014,92132.084,64
5753,34208.431,92337.6518,29
5754,34313.9855,92219.037,15
5755,34243.9858,92403.4875,12
5756,34320.3741,92323.2074,42
5757,34313.9854,92264.0386,59
5758,34266.7633,92399.3208,52
5759,34349.5408,92144.3121,70
5760,34287.5972,92075.9761,89
5761,34155.0986,92195.9799,49
5762,34038.7106,91990.6943,98
5763,33814.5485,92222.6455,39
5764,33793.7159,92286.8143,29
5765,36077.5725,92605.4412,18
5766,36494.5097,92606.5538,16
5767,34452.3224,91079.0061,57
5768,34788.151,91244.0144,22
5769,34708.703,91871.5264,76
5770,34604.8157,91882.0816,93
5771,34658.9819,91809.5798,46
5772,34781.2029,91702.3561,19
5773,34601.4828,91811.2462,39
5774,35038.4201,92095.9804,48
5775,35045.3645,92064.3131,52
5776,35037.0312,92037.6457,10
5777,35015.9203,92002.6448,48
5778,35045.9199,91998.7559,44
5779,34935.0883,92070.9789,73
5780,34961.4768,92054.8677,67
5781,34981.4765,92070.7017,47
5782,34984.5318,92010.7003,43
5783,34902.3108,92019.0327,40
5784,34878.7,91984.8647,24
5785,34901.7554,91969.8646,44
5786,34920.0884,91975.1428,87
5787,34994.5319,91957.0876,39
5788,34938.1439,91929.8639,13
5789,34964.8101,91945.1425,95
5790,34971.7547,91906.2525,18
5791,34906.4783,91773.4699,86
5792,34841.7563,92054.3107,18
5793,34729.5357,92073.4767,76
5794,33900.114,93774.0709,49
5795,33952.8902,93753.7923,47
5796,33573.4528,93612.6784,85
5797,33543.1753,93553.7885,33
5798,33636.2302,93696.2911,80
5799,33642.8965,93678.2352,22
5800,33669.5616,93598.7889,55
5801,33680.95,93580.1773,21
5802,33688.7273,93557.6768,22
5803,33663.1726,93571.0105,37
5804,33643.173,93558.7881,20
5805,35920.3512,91128.4586,37
5806,35980.9055,91093.1798,82
5807,33550.1127,92382.6502,88
5808,33767.6059,92392.9293,85
5809,35163.9783,90847.059,52
5810,33504.2796,91359.2843,57
5811,33459.2812,91165.6661,47
5812,33169.5647,91287.0577,83
5813,33202.8973,91259.8348,89
5814,33110.3999,91348.7259,13
5815,33051.79,91318.1692,64
5816,33090.1221,91270.6681,24
5817,35755.9099,89982.0324,76
5818,35800.0753,90127.3154,15
5819,35778.6869,90178.1505,27
5820,35974.7931,90212.5968,11
5821,35996.737,90247.5981,19
5822,35975.9042,90288.7105,46
5823,35465.083,90024.5336,67
5824,35661.7469,93078.7852,67
5825,35476.4701,93078.5067,93
5826,35430.0813,92975.1709,98
5827,35474.8028,92939.0589,78
5828,35323.1395,93204.3429,25
5829,35318.6946,93135.7301,87
5830,35302.8618,93170.4532,95
5831,35360.3607,93121.5631,16
5832,35195.9176,92961.8369,34
5833,35140.093,93921.5909,17
5834,36000.6303,92762.6661,42
5835,34452.3207,91321.7892,25
5836,34488.4318,91256.5104,37
5837,34513.9858,91537.628,88
5838,34488.9871,91318.1785,25
5839,34238.9893,91298.7306,90
5840,34413.433,91192.6192,19
5841,33244.0086,91790.6841,100
5842,33302.34,91550.1223,95
5843,33299.5622,91514.0102,27
5844,33372.338,91682.0707,90
5845,33282.6186,91739.2941,12
5846,33135.4003,91894.0188,48
5847,33248.4527,91615.1237,52
5848,33061.2352,91486.2294,79
5849,33134.0206,93512.3969,12
5850,33051.5231,93539.0634,52
5851,36281.4518,90448.1609,44
5852,36333.9507,90408.4381,87
5853,36288.3957,90265.9336,47
5854,33800.1175,93888.7972,61
5855,33995.3904,93865.463,26
5856,34290.3888,94219.9272,12
5857,34340.3867,94086.3113,77
5858,34130.6664,93952.413,16
5859,33901.5041,93890.4639,61
5860,34028.4471,94030.1919,59
5861,34092.8882,93851.8537,30
5862,33815.3947,93852.9626,89
5863,33907.8924,93847.4068,25
5864,36382.8392,90149.5416,41
5865,35023.4202,92390.1552,79
5866,35127.8622,92428.4896,13
5867,35062.5857,92534.6039,34
5868,35116.7515,92398.4887,19
5869,35258.6931,92360.4321,27
5870,35549.5284,93860.4747,56
5871,35404.254,93888.2546,25
5872,36486.7311,92150.7112,62
5873,36399.7871,91929.0392,38
5874,33230.6843,93843.7912,44
5875,33225.6848,93937.6819,54
5876,33424.5695,93956.2965,65
5877,33319.5717,94027.4077,35
5878,33260.6835,93825.7357,40
5879,33316.7939,93937.6832,30
5880,34393.1642,94329.3775,93
5881,34627.327,94369.105,27
5882,34585.3836,94183.2646,12
5883,34228.4453,94269.6504,43
5884,34465.1075,94323.8229,14
5885,34427.0527,94305.7662,10
5886,34591.2169,94275.2123,91
5887,34608.4384,94104.0954,95
5888,34481.4949,94418.2704,89
5889,34654.2707,94053.5388,58
5890,34593.1611,94314.3803,34
5891,34512.6053,94441.6049,98
5892,34587.6053,94054.371,37
5893,34633.4306,93673.806,87
5894,34455.9372,93845.4729,20
5895,34546.7672,93759.0835,39
5896,34659.2629,93618.8051,23
5897,34415.3726,93492.1324,16
5898,34593.9864,93666.0272,42
5899,34503.9898,93743.5264,48
5900,34514.2648,93662.1366,16
5901,34600.0943,93520.7466,91
5902,34576.4845,93579.6363,18
5903,34520.3809,93854.919,71
5904,33967.3236,91547.6247,65
5905,33911.2141,91430.677,29
5906,33883.4409,91068.999,10
5907,33777.3288,91275.1161,76
5908,33702.0522,91443.1772,84
5909,33674.2775,91108.721,50
5910,34063.9889,91579.0144,70
5911,33927.88,91577.9034,34
5912,33886.4919,91699.5733,75
5913,35303.6972,93464.074,12
5914,35149.2604,94002.4266,54
5915,35199.2587,93924.0906,31
5916,35169.5363,93870.2003,91
5917,35160.9244,93777.9754,11
5918,35176.4795,93764.6415,35
5919,35055.649,93810.4771,71
5920,34550.09,93154.906,20
5921,34464.2566,92972.3978,13
5922,34488.4249,93394.911,94
5923,34462.5903,92933.5073,91
5924,35844.7969,90900.6738,77
5925,35779.7983,90742.8912,26
5926,35952.572,90772.8923,10
5927,35952.2941,90713.7239,40
5928,35712.5774,91001.51,31
5929,35864.2406,90609.832,95
5930,35860.6296,90649.5553,39
5931,35893.1288,90649.2776,44
5932,35893.9623,90784.0037,62
5933,35891.7397,90407.8812,52
5934,36023.6813,90683.7231,77
5935,36181.4556,90701.7793,51
5936,36102.2909,90745.9472,85
5937,36009.7926,90627.8882,62
5938,36208.9533,90355.9356,79
5939,36052.2911,90413.437,56
5940,36083.4017,90565.1084,27
5941,36008.9591,90532.3297,23
5942,36120.9004,90510.6623,97
5943,36028.4031,90597.8873,17
5944,36029.7918,90521.7739,11
5945,36052.5689,90440.3824,31
5946,34440.3757,93611.3013,26
5947,34115.6514,93028.5059,88
5948,34013.4328,93110.7273,85
5949,34100.9305,93121.2843,49
5950,35428.1373,91639.0258,74
5951,35282.8622,91731.5269,23
5952,35092.3099,91655.4127,95
5953,35353.694,91744.0281,77
5954,35277.5852,91535.688,77
5955,35553.1383,93512.9633,42
5956,35615.36,93692.1357,41
5957,34869.5362,93205.4597,45
5958,34965.9215,92714.3317,87
5959,36146.4663,94059.9231,97
5960,36175.0764,94015.4774,97
5961,36001.7456,93951.3086,61
5962,36154.2435,94017.9774,26
5963,36145.6338,94144.0925,36
5964,36028.414,94266.5969,42
5965,36208.4089,93984.0877,68
5966,36094.5245,94310.2096,97
5967,34386.4921,90754.275,90
5968,34416.7691,90800.9436,91
5969,34467.601,90925.1143,33
5970,34549.2687,90616.7731,30
5971,34635.377,90785.6678,75
5972,34589.266,90975.1166,26
5973,34580.6555,90794.5568,91
5974,34321.7703,90845.9421,97
5975,34387.8821,90665.3833,25
5976,35637.3012,90889.0062,15
5977,35540.3593,90427.0469,87
5978,35570.0805,90643.1652,72
5979,36044.7927,91776.5341,21
5980,35986.1833,92036.8179,100
5981,36229.2339,91764.3127,81
5982,36131.4579,91866.5368,87
5983,36138.4021,91950.7055,53
5984,34687.036,92687.9424,73
5985,34618.4263,92487.9358,45
5986,34612.593,92505.7142,11
5987,34687.5913,92906.8402,84
5988,34631.7587,92652.3857,82
5989,34608.4254,92661.2749,64
5990,34556.2042,92552.3824,59
5991,34608.4264,92451.5456,79
5992,34348.9816,92829.3357,55
5993,34283.704,93165.1771,49
5994,34271.7595,93126.5651,51
5995,35936.4621,91440.1345,31
5996,35991.4608,91575.6944,98
5997,35301.4696,92642.9395,83
5998,35383.6911,92705.9967,15
5999,35167.5838,92772.6656,51
6000,35142.5842,92731.5535,97
6001,35179.25,92725.4421,84
6002,35167.028,92750.7206,29
6003,34710.3793,93939.0922,88
6004,34927.3191,93925.2034,86
6005,34836.7674,94191.0441,80
6006,34948.9871,94136.8753,93
6007,34770.931,93816.3124,53
6008,34923.7093,94023.8171,95
6009,34809.2674,94000.7611,66
6010,34941.7645,94027.1505,15
6011,34892.3226,94333.5489,95
6012,34898.432,94016.8726,17
6013,34760.6578,94177.9888,50
6014,34932.0393,93782.1437,46
6015,35711.1886,91212.6271,54
6016,35811.7461,93795.7489,54
6017,35683.1337,90262.5975,64
6018,34023.7125,91343.7303,80
6019,34037.8916,94341.3168,64
6020,33826.2286,93961.022,79
6021,33924.2822,94310.481,22
6022,33950.1151,94321.8706,74
6023,34151.5021,94256.3155,16
6024,34986.1987,92109.8693,76
6025,34835.0903,92551.8269,40
6026,34952.8658,92074.8681,40
6027,34978.4211,92144.8701,55
6028,34922.5957,90395.9329,62
6029,34888.43,90351.2096,43
6030,35191.7566,90291.764,58
6031,34899.819,90297.0414,54
6032,34947.5955,90337.8758,86
6033,35144.8093,93191.8437,23
6034,35225.6412,93222.9549,24
6035,34918.1489,93536.3028,47
6036,35218.9749,93252.4002,81
6037,35195.9195,93217.1216,35
6038,35770.3545,91592.0819,14
6039,35870.3523,91418.1891,57
6040,35797.5762,91665.4176,23
6041,35728.9661,91425.1328,86
6042,35809.5202,91772.3651,72
6043,35777.5763,91420.4108,32
6044,35742.0218,91655.9724,82
6045,35777.2988,91618.1939,77
6046,35783.1321,91657.9173,96
6047,35607.8566,91706.529,77
6048,34585.0936,92273.7614,34
6049,34737.5921,92369.0424,73
6050,34807.8687,92426.267,76
6051,34710.0923,92411.5441,19
6052,34628.1487,92341.8194,48
6053,34608.4265,92118.756,38
6054,34741.203,92512.659,78
6055,34841.7568,92176.2586,84
6056,34725.6478,92386.2653,26
6057,34775.369,92186.8139,74
6058,34837.8681,92199.8703,53
6059,34785.6469,92293.7619,90
6060,34659.8149,92437.1006,78
6061,34786.4802,92360.4311,18
6062,34714.2589,92223.7593,61
6063,34789.8134,92381.8209,22
6064,34814.8131,92259.8719,62
6065,34737.592,92484.8802,34
6066,34796.7578,92400.1549,72
6067,34826.7572,92218.2041,54
6068,35520.0777,92344.6,14
6069,35516.7444,92383.4895,80
6070,35759.7996,92426.2698,14
6071,35532.0221,92336.5444,49
6072,35605.0776,92416.8242,60
6073,35723.6888,92460.4371,43
6074,35397.3014,92463.4906,48
6075,35737.3001,92581.8288,80
6076,35491.7446,92296.8212,66
6077,36470.9,93536.4,94
6078,36485.3478,93732.1378,56
6079,36218.9606,93080.7313,79
6080,36473.6775,93048.7875,45
6081,36142.5736,93255.7354,48
6082,36275.0677,92286.2677,93
6083,36312.5669,92224.0446,76
6084,36391.7329,92357.9368,87
6085,36290.3455,92365.1586,54
6086,36163.6808,92284.323,100
6087,36205.6243,92232.0996,46
6088,36391.7328,92327.1028,97
6089,36389.7883,92306.2691,100
6090,36398.1215,92288.7688,20
6091,36222.2908,92307.1013,40
6092,36361.1779,92414.0489,23
6093,36285.623,92265.434,60
6094,36298.6783,92249.0449,13
6095,36286.7339,92212.6552,70
6096,36317.5677,92477.939,71
6097,36320.0674,92405.1596,98
6098,35555.3555,92118.7621,59
6099,35465.3569,92094.5944,37
6100,35554.8,92087.0947,48
6101,35574.2443,92141.8183,74
6102,35455.6356,91925.1457,57
6103,35465.3568,92115.9838,60
6104,35630.0771,92142.6517,31
6105,35558.9667,92057.094,80
6106,34783.1469,91746.5235,84
6107,34783.4244,91795.136,52
6108,34783.7019,91851.5264,24
6109,35950.0779,93357.9592,74
6110,36098.1301,93158.5103,53
6111,35945.3523,92553.7732,83
6112,36028.9619,92545.9955,77
6113,35942.5748,92612.3854,69
6114,36010.3524,92779.3333,98
6115,33700.9409,92357.0942,41
6116,35428.4172,90041.201,90
6117,36395.8976,91047.6258,28
6118,36479.5062,90882.8999,91
6119,36353.954,91057.9035,38
6120,36402.8416,90957.6231,44
6121,36332.0084,90759.8383,27
6122,36453.1181,90904.5667,45
6123,36432.5635,91006.5138,43
6124,36315.3437,91077.3482,68
6125,36383.6748,90875.6761,79
6126,35354.2514,91230.4036,47
6127,35073.4293,94193.8205,16
6128,36155.3479,92382.3809,75
6129,34473.9819,93468.8001,96
6130,34371.2168,93874.6385,94
6131,35887.5749,92367.1022,51
6132,35115.644,93280.7357,68
6133,34264.8201,93461.0173,41
6134,34957.8662,92758.7774,12
6135,34999.8213,94436.0526,55
6136,34973.9783,92978.7838,14
6137,35781.7467,93501.5737,50
6138,36238.4016,92316.546,92
6139,35719.8043,94137.4263,92
6140,35942.5785,93850.4725,77
6141,34645.9259,93339.9107,53
6142,35760.082,94206.8731,29
6143,35620.6416,94456.0487,98
6144,35635.36,93820.4728,90
6145,35904.2439,92997.9505,11
6146,34908.1561,94386.8845,91
6147,35622.3043,93647.4119,60
6148,35678.6923,93741.8591,93
6149,34805.1017,94270.7693,45
6150,35730.357,92972.9501,22
6151,35354.2514,93387.4043,91
6152,35739.8028,93981.8653,15
6153,34461.2118,93712.6919,32
6154,35816.4707,94219.6511,41
6155,34790.1017,94220.2121,26
6156,35130.3689,93711.5846,83
6157,34673.7026,93072.9581,59
6158,34905.3717,93600.7494,41
6159,34537.8842,94095.4828,82
6160,34384.816,93381.8521,31
6161,35840.6347,93601.299,37
6162,36040.349,92055.7074,61
6163,35976.7442,93402.1272,80
6164,35817.8577,93946.3086,11
6165,34854.5454,94312.715,14
6166,34624.2616,93543.2473,38
6167,36245.6242,92428.4932,79
6168,35387.3034,92897.113,37
6169,34935.3768,94225.2108,84
6170,35599.807,94177.7064,75
6171,35297.5886,93791.8638,54
6172,35093.7055,93979.3708,58
6173,36194.5138,92382.3809,52
6174,35986.1875,93041.8402,63
6175,35691.47,93526.5745,49
6176,34986.7594,93572.4146,16
6177,35752.5803,93145.1754,10
6178,34463.7013,93263.7979,78
6179,35680.9165,94175.2057,91
6180,35164.254,93278.5128,98
6181,34786.7619,93571.3048,50
6182,34894.2679,94448.8318,31
6183,35825.635,93836.5833,28
6184,35073.4235,93429.353,35
6185,35213.4222,93634.6366,17
6186,35367.5862,93644.358,72
6187,35820.6351,93164.3426,67
6188,35548.4177,93916.8653,29
6189,33835.3934,94389.0937,49
6190,34377.872,93399.0744,39
6191,35874.2461,93911.3076,89
6192,35112.0396,94198.265,12
6193,35194.255,93493.5205,64
6194,34547.3137,93361.3,28
6195,36109.7927,92219.0438,76
6196,35631.7453,92786.5551,24
6197,35700.0844,94476.8831,76
6198,35114.262,94226.599,66
6199,35535.6418,94195.2073,72
6200,33570.388,91697.0722,28
6201,33862.0551,93499.3442,35
6202,34940.9232,93015.1744,65
6203,35826.7464,93209.3434,30
6204,35852.3017,93900.1962,16
6205,35283.6963,93298.7904,64
6206,35985.0775,93232.678,62
6207,35837.5778,92954.6161,21
6208,35708.1364,93188.787,47
6209,35908.687,92758.4993,82
6210,35236.4785,93772.4192,39
6211,34263.1667,94193.5365,17
6212,35875.638,94491.6065,38
6213,35816.746,93693.8015,29
6214,34680.3819,94300.2145,47
6215,35097.3174,94134.9301,90
6216,35554.8052,93632.134,62
6217,35848.4127,93361.292,77
6218,35021.4855,94119.0968,63
6219,36083.6862,93233.2343,73
6220,35902.2989,92896.0031,50
6221,35945.352,92487.1052,35
6222,34699.5388,93449.6347,98
6223,35644.8038,93463.517,71
6224,35638.9719,94016.3117,96
6225,35957.5734,92218.4879,79
6226,35517.0319,94353.8232,69
6227,35959.5208,92986.0055,22
6228,36007.2988,93134.6202,38
6229,35795.0825,94361.0455,65
6230,34707.0486,94454.3877,94
6231,33721.7833,94396.8704,76
6232,35684.2479,93241.8434,68
6233,34956.4795,93157.1227,83
6234,35095.9295,94291.3234,53
6235,35729.2472,93627.9663,69
6236,34251.4992,94112.9771,99
6237,36206.1907,94427.1582,46
6238,35665.0813,93367.6806,70
6239,35927.2958,92170.1535,40
6240,35995.6335,93831.3053,13
6241,35631.7483,93401.8484,12
6242,35422.8578,92778.7765,80
6243,35059.2612,93926.0361,16
6244,36102.0144,92075.9856,49
6245,35573.4184,94143.5387,40
6246,35480.3564,92637.3839,60
6247,35340.0873,93744.6397,70
6248,35186.7548,93452.9636,65
6249,34704.8144,93133.2381,39
6250,36205.0695,92494.6059,100
6251,35548.1385,93555.7426,84
6252,34368.4427,94170.7601,72
6253,34845.9294,93785.2,84
6254,35111.2012,93529.634,79
6255,35861.191,93992.4209,81
6256,35789.2468,93942.9752,74
6257,34443.9792,93210.4621,100
6258,35907.5732,92026.8172,41
6259,35160.3666,93470.1868,18
6260,34627.048,93963.2578,72
6261,35574.2528,94303.2661,88
6262,34599.2662,93756.8627,99
6263,34874.5357,93110.4566,43
6264,34939.2654,94181.3209,74
6265,34358.713,93688.8009,26
6266,34672.0356,92998.7886,73
6267,34587.3278,94124.0958,85
6268,36204.235,92155.1539,85
6269,36008.1324,93186.5659,92
6270,35404.8027,92816.8331,39
6271,34701.2029,93061.5688,52
6272,35607.583,93887.4194,21
6273,35342.8632,93453.7956,15
6274,34542.3149,93452.6897,72
6275,36232.8457,92184.3211,38
6276,35055.6496,93869.6455,88
6277,35368.1421,93694.6376,26
6278,35016.7573,93315.1825,60
6279,35939.5186,92442.1041,32
6280,35053.4293,94125.2079,74
6281,34680.0941,93445.7458,78
6282,35027.5972,94231.0436,89
6283,35282.0301,93362.4038,12
6284,35783.9695,93283.5114,50
6285,34630.6495,93474.3571,49
6286,34842.5953,93725.7539,92
6287,35783.4133,93483.2399,32
6288,34310.9367,93707.4115,11
6289,34400.6468,93231.2942,97
6290,36200.9127,94387.4344,88
6291,35063.7065,94047.4282,94
6292,35103.9778,93321.8485,44
6293,35412.5795,92654.6065,60
6294,35069.8179,94115.4854,36
6295,35510.9159,93429.3495,20
6296,35771.4684,93077.6744,52
6297,35005.925,93466.0219,81
6298,34492.5902,93303.2439,25
6299,35150.9249,93806.8652,83
6300,35815.0776,92859.0578,75
6301,34407.8775,93648.5234,24
6302,35880.3542,92794.6114,81
6303,35118.1458,93550.1902,54
6304,34430.9268,93433.7987,36
6305,34586.2171,94239.6554,10
6306,34459.2583,93354.0764,60
6307,35068.9783,93290.1809,33
6308,35291.4757,93527.4097,96
6309,34313.442,94030.7527,95
6310,35090.649,93879.9233,23
6311,35117.5962,94348.5478,92
6312,35755.079,92978.2282,99
6313,35858.4157,94437.4375,88
6314,35181.1979,93251.8451,94
6315,35895.0787,93390.182,87
6316,35753.1369,94115.2031,74
6317,35921.4662,93060.174,31
6318,34395.0931,93353.7963,55
6319,36000.6278,92092.9302,23
6320,34707.5935,93337.9661,64
6321,34641.7712,94428.8296,62
6322,35535.3618,93805.4733,49
6323,34572.0347,93173.2401,54
6324,34629.2576,93056.8463,56
6325,35930.0783,93311.8466,42
6326,35824.5243,93292.9565,43
6327,35648.6962,94394.6578,40
6328,34808.9897,94038.8177,98
6329,35889.519,92251.8217,41
6330,34959.2568,93076.5648,75
6331,35640.9124,92879.3357,21
6332,34877.8728,93741.3097,47
6333,34540.6622,94160.2075,42
6334,35772.5829,94418.27,40
6335,34618.9884,93776.8637,69
6336,36174.5137,92231.5441,76
6337,34914.8183,93848.5346,50
6338,34931.7659,94260.7675,95
6339,34396.2027,93264.6281,48
6340,35866.4707,94291.8761,48
6341,35918.9632,92327.1013,15
6342,34851.4823,93407.9661,35
6343,34539.5502,93989.6456,58
6344,36044.7936,92125.1531,22
6345,35487.0295,93827.6965,21
6346,35641.1927,93443.2386,18
6347,35292.0325,93729.9173,64
6348,34772.8686,92758.5001,72
6349,35843.1351,93883.8068,32
6350,34992.0431,94361.0492,73
6351,35675.359,93704.9134,99
6352,34428.7024,93289.9078,54
6353,36168.4131,94404.102,75
6354,35004.8102,92802.6673,86
6355,35817.8571,93648.5224,74
6356,34405.0909,93167.1257,72
6357,35585.9177,94057.7025,71
6358,34503.1449,93126.016,50
6359,35344.5288,93325.4578,47
6360,35314.809,93589.6341,53
6361,34452.5955,93546.8562,83
6362,34455.6456,93161.5717,68
6363,34889.2604,93537.9698,95
6364,35521.7524,94049.0917,72
6365,35917.8521,92297.934,68
6366,36138.403,92164.0429,22
6367,35440.9152,93133.5078,23
6368,35955.6316,92909.3368,11
6369,34550.6619,94306.046,79
6370,35052.3197,94350.215,41
6371,36062.2975,93136.8429,19
6372,34790.3808,94426.3316,30
6373,35110.0913,93696.5842,93
6374,34940.3671,92895.1706,20
6375,35122.0331,93343.238,17
6376,35686.4681,92934.8932,16
6377,35866.7455,93530.7416,12
6378,35680.0812,93777.1378,32
6379,35914.5223,93135.4534,58
6380,35913.6893,93498.7965,24
6381,34789.8131,92833.5032,93
6382,35516.747,92949.0594,94
6383,35602.5784,92705.9973,68
6384,35982.0217,93599.6326,49
6385,34753.1581,94236.324,30
6386,35298.9738,93286.8455,52
6387,36169.2462,94358.8223,42
6388,36242.8453,92161.2652,68
6389,34287.5983,93508.5191,33
6390,35708.97,93344.6242,45
6391,34946.4811,93405.4648,18
6392,34511.4783,93241.0211,78
6393,35888.1342,93473.5178,89
6394,35824.2459,93764.0813,46
6395,35730.9142,93406.015,36
6396,35293.1427,93579.3562,74
6397,34902.5896,92859.3366,53
6398,35361.1968,93535.743,74
6399,34356.2076,93503.7982,94
6400,34449.8301,94120.2042,71
6401,35500.6369,93215.1761,24
6402,35277.8629,93277.1229,92
6403,35607.3026,93066.0069,31
6404,34659.264,93691.0292,16
6405,35842.3045,94394.3802,34
6406,35650.9126,92919.8925,51
6407,35587.3022,92963.5046,81
6408,35156.4775,93430.1853,37
6409,34870.6482,93322.1299,46
6410,34752.8724,93413.2453,95
6411,34693.1505,93517.6917,12
6412,35547.8597,93354.3469,56
6413,35465.9132,92829.8891,16
6414,35192.5871,93326.0143,50
6415,34474.5341,93236.0199,59
6416,35534.806,93770.7501,22
6417,35849.2462,93339.9024,60
6418,35941.462,92108.2079,33
6419,35531.4696,93041.5617,25
6420,35026.7624,93996.8718,35
6421,34866.7664,94070.4851,42
6422,35886.7418,92429.3259,90
6423,34934.2557,92806.5568,39
6424,35720.0784,92832.9458,50
6425,34753.4359,94271.0475,87
6426,35518.1409,93962.7002,73
6427,36177.8565,94233.5396,97
6428,35612.5808,93161.2864,36
6429,35945.6283,92036.262,80
6430,35320.6428,93667.4148,63
6431,35947.2993,93077.3965,72
6432,35925.3558,93603.7993,100
6433,33984.2809,94382.7064,99
6434,36003.692,94267.1525,22
6435,35573.4167,93827.418,95
6436,35123.7017,93628.2484,43
6437,35903.6899,93254.0669,47
6438,35959.522,93520.4639,28
6439,35449.525,92904.0578,68
6440,34356.2071,93473.7975,43
6441,35726.1914,93755.4702,37
6442,33953.1697,94436.3189,28
6443,35576.1939,93676.3021,51
6444,36079.5244,94252.4294,10
6445,34629.8208,93745.1965,72
6446,34881.4784,92773.5003,23
6447,34886.4886,94186.3214,19
6448,35734.5259,94099.6471,87
6449,35972.2979,92883.5027,23
6450,35524.2498,93520.7415,52
6451,34734.8248,94077.1521,17
6452,35671.1924,93650.7452,38
6453,34915.3719,93658.5289,85
6454,34288.9967,93944.0827,69
6455,36100.914,94480.4945,38
6456,34790.6503,93486.3021,20
6457,34586.2128,93845.4759,84
6458,34535.6511,93577.6913,52
6459,35020.9207,91868.7518,31
6460,35447.8582,91866.8106,73
6461,35785.0759,90660.6667,54
6462,36227.8543,94101.5911,19
6463,36356.1867,94161.5936,72
6464,36333.4067,93923.8091,60
6465,36232.8579,94513.5503,52
6466,36473.6864,94247.1521,89
6467,36301.7447,94367.7114,86
6468,36226.7463,94446.0477,31
6469,36333.4117,94518.2729,63
6470,36190.3586,94541.0517,39
6471,36447.0166,93999.6454,27
6472,36316.1851,93995.4775,72
6473,36431.462,94047.4243,87
6474,36122.0117,90546.7745,53
6475,36092.8461,90613.9988,47
6476,35284.8081,91287.3491,47
6477,35387.0283,91286.2384,44
6478,35052.8687,91275.1266,90
6479,36183.4132,94447.1591,98
6480,36416.4649,94264.3747,92
6481,36118.6916,94461.3268,68
6482,36288.1304,94028.5337,94
6483,36375.6303,94114.0924,13
6484,36317.8528,94078.2577,43
6485,36308.407,93904.364,75
6486,36338.407,93987.6997,47
6487,36239.2452,94308.2645,73
6488,36222.0217,94159.9261,84
6489,36226.4665,94191.316,60
6490,36316.7404,93930.198,99
6491,36423.6831,93904.3648,89
6492,36408.406,93991.3115,86
6493,35097.3081,92147.3707,22
6494,35323.6924,92289.0419,29
6495,35025.3645,92447.3792,100
6496,35003.6984,92087.6468,79
6497,34642.8825,94201.0437,100
6498,36277.2888,91691.5332,32
6499,34828.9841,91155.1231,24
6500,33770.1178,94260.4778,38
6501,33627.8861,91905.134,18
6502,35477.8653,94221.8752,70
6503,34406.2094,91409.5682,21
6504,36294.7919,93292.1262,50
6505,34912.3211,94121.5974,17
6506,34036.2152,93420.7343,45
6507,35425.3584,92874.3347,86
6508,34120.9292,93053.784,26
6509,33608.7222,91206.7794,70
6510,36403.6774,92460.9944,54
6511,33780.3931,94468.8178,29
6512,35084.8187,94309.102,13
6513,33387.6251,93832.1262,29
6514,36223.9566,91608.4751,59
6515,33674.2867,94131.3054,84
6516,33312.895,91339.2824,16
6517,34314.5524,93976.8619,87
6518,35282.3079,91365.4063,16
6519,34074.8357,94322.9834,94
6520,34312.6101,94167.7031,92
6521,35309.8066,91567.9114,17
6522,33529.2786,91497.0672,53
6523,35742.2991,90562.3305,46
6524,35449.8053,90675.9435,24
6525,34223.7096,91521.2352,92
6526,34534.5345,93273.7994,69
6527,35831.4658,92768.2218,37
6528,35450.9118,92394.6005,83
6529,33318.4501,91937.077,54
6530,36172.2886,90619.2768,87
6531,36008.1326,93369.071,10
6532,33888.7161,93204.0588,40
6533,36429.52,94231.5959,34
6534,36200.9054,93048.508,17
6535,35093.1455,93448.5201,29
6536,33938.7269,94174.9202,15
6537,35162.5892,91067.6211,24
6538,35721.187,91948.4805,95
6539,33835.3952,94118.5283,63
6540,36372.8538,94208.8172,24
6541,36316.1809,93007.6743,14
6542,33080.6804,91763.1817,19
6543,34077.6127,94019.9144,75
6544,36214.2438,94129.3698,68
6545,34720.6467,92007.0857,97
6546,36005.073,92404.3257,92
6547,34486.4951,93969.9217,62
6548,35852.0185,90140.9272,70
6549,35827.2977,91723.7528,40
6550,33980.9419,93571.0137,80
6551,35378.696,90687.3326,73
6552,35458.4169,90262.5967,26
6553,34820.9271,91404.2954,44
6554,34767.0479,94431.0542,56
6555,35838.9632,90368.1575,28
6556,36108.4031,91097.3473,75
6557,34667.5977,91104.2873,45
6558,35222.3051,92841.2781,100
6559,35928.687,92812.1119,16
6560,34962.3161,93708.5301,14
6561,35458.1388,90520.9385,36
6562,33558.4518,93407.1178,79
6563,33198.7311,91379.8384,49
6564,34329.5526,94429.1019,78
6565,34779.5459,94049.0959,43
6566,35908.6842,90802.6153,87
6567,33178.4545,91881.7968,78
6568,33444.8451,93671.0125,46
6569,33365.6717,91491.2323,47
6570,33098.1881,93654.8984,46
6571,34832.8716,91380.6839,99
6572,33115.4097,93989.6261,18
6573,36417.8512,94056.869,49
6574,35900.073,90582.0534,27
6575,34157.0395,92920.7259,28
6576,33817.8956,94067.1372,59
6577,35598.1329,92065.4277,91
6578,36144.2391,92778.2228,25
6579,33856.7825,93849.0736,28
6580,33845.6602,92474.3216,35
6581,33487.34,92955.1644,16
6582,36383.956,92581.5527,13
6583,35134.2562,91176.513,56
6584,35069.8081,92668.7744,29
6585,34237.0544,94070.1971,14
6586,36379.512,93228.236,96
6587,33955.1039,93289.8951,47
6588,36278.4045,93532.1326,20
6589,36295.6185,90533.1636,62
6590,34400.099,93619.3563,36
6591,34015.3783,91586.5146,22
6592,35395.3594,92964.6148,10
6593,33892.8805,91788.7427,53
6594,36119.5143,92135.9867,96
6595,33584.5582,92834.3294,18
6596,35867.0206,92703.4981,100
6597,35908.693,94396.6026,86
6598,34262.322,93539.908,21
6599,34216.4852,92618.4942,18
6600,35794.2424,90936.5081,90
6601,35687.5812,93819.3612,10
6602,34525.6534,91325.9569,90
6603,34237.3261,90951.7767,83
6604,34920.933,94297.4359,17
6605,35941.7397,91548.4709,19
6606,35929.2435,92979.3388,28
6607,36263.4109,94231.8728,83
6608,34785.3763,93866.5912,12
6609,35577.5791,91725.4184,42
6610,35569.8087,94366.8792,75
6611,35262.5841,91884.0312,30
6612,34026.5019,93947.6887,86
6613,35373.9685,92562.9375,40
6614,36359.799,94285.2085,21
6615,35319.2578,94252.1546,19
6616,33919.8362,94476.042,35
6617,35780.3528,91958.2034,88
6618,33310.9578,92521.8175,36
6619,34034.2801,94396.3186,100
6620,35297.0353,94036.3153,18
6621,34104.5559,94468.2667,82
6622,36298.4132,94577.7195,12
6623,34990.0886,92874.3361,99
6624,34585.9384,93998.2579,81
6625,33205.6751,91286.5023,66
6626,35961.7379,90342.3234,36
6627,35698.1337,92738.4985,48
6628,36375.902,93494.0759,84
6629,36481.4601,93909.0875,42
6630,34693.1517,91313.737,78
6631,35309.2539,90236.2069,20
6632,36477.8428,92351.2705,39
6633,35471.4724,93466.5731,26
6634,35863.4081,89873.4181,61
6635,34070.9355,93382.1225,60
6636,35421.4685,92709.6079,96
6637,35891.4709,94406.603,20
6638,35437.3073,93672.9697,80
6639,33405.9562,93201.001,87
6640,33531.5005,91565.4022,68
6641,33545.6667,91626.7927,98
6642,35088.6963,92442.1011,51
6643,33844.2701,91940.4144,37
6644,36407.8388,90579.8336,20
6645,36271.1798,92535.4402,24
6646,35008.1476,91251.2373,85
6647,34872.3185,90489.5466,86
6648,35620.3558,92575.161,73
6649,36090.9038,92124.3199,68
6650,33958.9904,91769.2977,44
6651,36278.4093,94113.2584,86
6652,33229.5639,91924.8539,79
6653,34933.7005,91719.5799,30
6654,33727.3401,93730.1807,67
6655,36193.6793,92094.3196,81
6656,34522.0352,93336.0221,69
6657,33539.2822,92822.3846,44
6658,35516.1889,92516.5477,30
6659,34535.9403,94219.0985,66
6660,35367.302,92409.6005,60
6661,36391.7293,90730.9496,94
6662,35726.4661,90544.5521,76
6663,33778.1697,93562.677,82
6664,34175.0954,93147.6746,93
6665,34327.8692,93056.8431,79
6666,34784.8162,91458.463,44
6667,35223.9764,91193.18,14
6668,36192.0174,93533.799,45
6669,35532.3086,94220.7638,52
6670,36335.9112,94460.7707,62
6671,35445.0838,90305.0981,55
6672,34086.2168,90983.9981,70
6673,36233.6769,90726.5024,64
6674,35920.35,90296.4884,54
6675,34208.7122,91246.7849,67
6676,35756.7444,92524.6054,46
6677,35488.1385,90250.9296,55
6678,34977.0353,91495.1307,85
6679,35736.1886,91679.8619,91
6680,34497.3161,92508.7697,51
6681,35638.4123,91265.1282,21
6682,36088.403,90927.8972,12
6683,34119.2785,94016.5816,31
6684,33939.838,94249.368,15
6685,36245.0633,90319.5458,24
6686,36327.2913,92792.9465,15
6687,36109.7964,93134.8986,52
6688,34042.0446,91534.5687,31
6689,35631.4661,91947.0914,73
6690,35533.1431,94398.269,23
6691,36153.4069,93489.0755,91
6692,35492.309,94137.7058,68
6693,33882.6038,92607.6587,45
6694,35747.2995,91768.1977,22
6695,33207.63,92666.2674,83
6696,35126.1966,92095.4252,31
6697,35180.3639,93157.1201,66
6698,36453.6834,94015.7571,77
6699,36001.4682,94008.2547,76
6700,36245.3458,92265.1559,10
6701,34343.7078,91902.0809,66
6702,36206.1894,94234.3729,91
6703,34228.4311,91720.6848,65
6704,36144.24,93105.4537,31
6705,35326.7482,92228.4849,19
6706,34544.2609,91969.0285,33
6707,35195.362,92203.2058,40
6708,33588.4431,91677.9052,28
6709,35551.1923,90106.2029,90
6710,35795.3609,94496.8843,79
6711,35200.0942,94314.3794,25
6712,35243.4208,91031.2313,82
6713,34778.9802,92212.0924,55
6714,34595.651,91599.0191,21
6715,34103.7102,92103.4763,22
6716,35776.4691,93465.4615,58
6717,36392.29,93369.6283,14
6718,36042.0248,94247.1515,60
6719,36062.5795,94157.4263,21
6720,34804.2631,90796.2234,27
6721,36175.0679,90895.9522,77
6722,33332.9048,93953.2394,86
6723,36278.9578,92597.1082,81
6724,36000.6266,90813.449,97
6725,33165.1306,93884.0692,18
6726,35385.9242,94398.5475,54
6727,33357.8937,91850.4084,94
6728,34978.4236,91563.7434,62
6729,35290.6397,91770.417,50
6730,35791.4653,92297.6558,28
6731,36107.2948,92700.1653,97
6732,35466.1944,90180.9274,97
6733,33471.2295,92777.9394,65
6734,36448.4053,93974.0892,60
6735,33362.9029,93709.9012,60
6736,36283.1238,92494.0505,50
6737,34020.9481,94242.1463,37
6738,36267.5793,94484.6602,21
6739,35333.4175,93276.0116,59
6740,33409.0145,93978.519,78
6741,34884.2563,92235.705,29
6742,35803.9644,90806.5042,52
6743,34117.3227,91376.5094,47
6744,34169.2789,94316.3178,55
6745,34326.7653,93550.7428,51
6746,34454.8191,91604.2954,72
6747,35951.4606,90575.6644,39
6748,33644.0011,93059.8883,54
6749,35959.7942,89972.0328,14
6750,33985.101,91560.9583,26
6751,33843.7151,91596.7928,38
6752,34080.0997,91700.6845,59
6753,33092.3443,91210.6663,42
6754,34240.6665,94334.9306,24
6755,34883.1503,93687.419,46
6756,33446.5032,92219.0309,34
6757,36422.0207,94453.5484,86
6758,33564.832,91897.9109,94
6759,35233.9712,92387.655,22
6760,35632.3013,90712.612,81
6761,35994.2472,94175.2048,14
6762,35155.3662,91343.1835,100
6763,35925.3507,91940.7041,74
6764,33070.9578,91871.2398,31
6765,34067.32,93091.8391,34
6766,36115.0778,94051.5896,54
6767,35190.3732,94411.0494,64
6768,35515.6375,93324.9015,55
6769,33228.1757,91797.6285,43
6770,35078.1416,92305.1526,45
6771,35801.4641,90296.2103,84
6772,36153.6904,94277.1524,56
6773,35993.4068,92520.4394,57
6774,35564.2472,90716.7786,18
6775,36229.7936,93107.6765,96
6776,35298.6938,92051.8141,63
6777,35022.8761,94381.3277,54
6778,36015.0759,93047.6737,15
6779,35635.0793,90492.0499,76
6780,34485.662,94378.547,22
6781,34890.9277,90792.0565,34
6782,35872.2967,91360.6876,84
6783,35491.4677,92031.26,40
6784,35467.3031,92974.8932,23
6785,34529.5471,90591.7722,38
6786,35647.0234,90270.6532,33
6787,34505.3723,92205.7037,15
6788,35767.5763,90591.2203,99
6789,35397.3063,90996.5085,15
6790,35895.9073,91556.5264,20
6791,34565.0996,90981.2277,12
6792,35122.59,91089.0106,75
6793,33135.6862,92497.9261,39
6794,36431.7426,94333.8218,94
6795,35171.4733,92273.7629,100
6796,34595.9311,91199.8441,22
6797,33815.3834,92709.6054,94
6798,34103.9873,93246.841,39
6799,34847.8734,90908.1715,16
6800,36223.3979,90531.774,73
6801,33938.4482,94357.1494,11
6802,34503.7004,93055.1795,18
6803,36308.9586,93365.1838,78
6804,35113.7008,91245.4037,84
6805,35905.3595,94319.9327,37
6806,35623.6898,91605.9705,31
6807,35528.9724,93658.8018,59
6808,36086.1871,93741.3032,85
6809,33534.0011,91356.2287,39
6810,35778.6886,92750.7213,97
6811,34382.8789,91067.0602,96
6812,33383.4493,92150.9721,45
6813,36398.953,91007.6246,50
6814,34873.1486,91409.0178,31
6815,33039.5719,92182.6364,83
6816,34095.3806,91170.115,57
6817,35641.7455,91309.5737,38
6818,35962.0224,93804.3601,56
6819,35064.2554,91583.7441,88
6820,34380.6516,92164.0352,38
6821,35250.9265,94317.4348,49
6822,33399.5596,91470.1208,87
6823,33856.2262,94424.0951,70
6824,35842.2967,90704.2791,52
6825,35270.085,91639.8575,100
6826,35199.8054,92812.6664,34
6827,34786.7571,92058.4768,23
6828,35430.3664,94231.598,76
6829,34555.378,90821.2241,21
6830,34144.0016,94300.2058,31
6831,34250.3806,93641.2983,71
6832,36090.6253,91841.536,77
6833,34656.488,90732.8884,88
6834,34207.8793,91211.7839,93
6835,33455.1129,91846.7976,79
6836,36204.2316,90513.9956,12
6837,35914.2399,91825.1453,81
6838,35816.186,90434.271,87
6839,34252.0419,91838.7446,72
6840,34224.5423,91703.7399,28
6841,36126.4703,94546.3302,45
6842,36368.6783,92545.4407,96
6843,35440.639,93387.9595,67
6844,35569.2473,90608.4419,97
6845,33685.1141,93346.8373,53
6846,33649.2828,94472.983,23
6847,34312.8838,93841.8588,59
6848,35952.2944,90825.116,44
6849,33093.4606,92268.7502,39
6850,36341.7401,93946.0319,75
6851,34576.2113,90741.2222,44
6852,33336.7917,93097.3879,83
6853,35336.2015,94173.2635,23
6854,34509.2655,91180.9536,45
6855,33196.7951,92482.9253,40
6856,34106.5016,94097.9741,63
6857,35681.4731,94349.3785,98
6858,35611.1909,90329.8218,95
6859,35830.3543,92557.9397,23
6860,36150.902,90956.5096,11
6861,35249.2549,90710.6665,32
6862,33487.6121,91790.9629,36
6863,33358.4583,93577.6771,75
6864,36330.0688,93228.7913,89
6865,36070.0694,90747.8918,64
6866,35949.526,94423.5482,96
6867,35190.3611,92372.9324,90
6868,33272.6277,92827.384,76
6869,36289.2364,93236.5691,79
6870,33863.1588,91803.7431,80
6871,35673.9715,94073.5356,83
6872,33967.3375,94168.5312,29
6873,34988.1432,92584.3279,37
6874,35328.973,93252.9553,79
6875,35546.7514,93965.2,86
6876,36180.6251,92344.6022,56
6877,33380.948,91970.4116,91
6878,33347.0604,91917.6323,44
6879,34783.9795,91899.8611,97
6880,34110.6609,90983.9984,32
6881,36255.3543,94130.7587,42
6882,36002.5716,91907.6483,77
6883,35743.9661,92334.3232,51
6884,34655.0928,92386.5432,29
6885,33428.7257,91324.5603,17
6886,33267.0725,93239.3341,20
6887,34362.3149,92812.9463,63
6888,35787.8534,90357.6014,45
6889,35880.0733,90167.0393,68
6890,35059.541,94252.7108,96
6891,35635.3564,91510.69,57
6892,34863.4232,92362.3759,54
6893,35908.9643,92631.2746,87
6894,35325.0801,92482.3798,69
6895,34266.7706,90915.6651,63
6896,34813.7019,92442.6565,85
6897,34957.0325,92427.3785,28
6898,36419.7853,90897.3438,61
6899,36403.689,94601.8877,64
6900,35777.8538,90042.3124,99
6901,35247.305,92291.8192,41
6902,33387.06,91308.4484,23
6903,36050.3576,94176.3159,27
6904,36140.3479,92252.6555,63
6905,33964.2705,91198.7259,66
6906,36059.5148,91908.4819,41
6907,36458.6736,90926.2341,100
6908,33461.7889,93624.9008,97
6909,35062.8709,90230.0953,65
6910,34189.5561,94332.9854,86
6911,33875.116,93913.7981,40
6912,35890.6286,90344.2678,96
6913,36345.3451,92479.8835,47
6914,36287.2975,94069.0905,81
6915,33294.0063,92007.6343,65
6916,35367.5821,92998.5046,95
6917,34795.0966,90991.2295,52
6918,35251.1982,91093.4551,22
6919,35190.3673,90129.2597,27
6920,35113.1437,93241.8454,73
6921,33302.6262,92954.8857,73
6922,34556.7637,93634.0815,54
6923,35961.7389,91755.6996,12
6924,36030.9099,93256.29,49
6925,35226.4728,92124.0374,44
6926,35758.4134,93887.6959,78
6927,35386.7486,91809.0304,20
6928,36335.3449,92385.1593,100
6929,35868.4075,92117.6521,22
6930,35635.6396,94167.428,37
6931,34135.9433,93894.9115,68
6932,35500.6417,94051.5919,20
6933,34062.3308,93689.9049,38
6934,35608.1352,91184.8479,15
6935,34881.2058,91080.6768,64
6936,33945.6692,93847.129,60
6937,35158.696,92187.3719,25
6938,35289.5304,93420.1836,95
6939,33757.3274,92238.4789,86
6940,34226.4866,91776.5199,36
6941,35221.4738,93113.7853,25
6942,35115.9203,93081.2852,29
6943,36115.6249,91949.872,34
6944,34230.3856,93880.1911,99
6945,33429.8423,92695.1594,80
6946,35604.8018,91281.7951,65
6947,36193.4015,91050.6797,95
6948,36209.5132,92284.323,17
6949,34455.0997,93680.1914,74
6950,35229.5293,93141.2859,87
6951,34769.536,92267.0941,61
6952,36169.2343,90814.2829,69
6953,34802.8742,90908.1715,35
6954,34083.7238,94386.8746,90
6955,36477.2918,93698.5258,52
6956,36460.8991,92570.9971,66
6957,35689.5255,93572.4092,20
6958,35630.9121,91460.4109,80
6959,34403.1491,93392.4084,44
6960,36168.4034,92456.8272,71
6961,34447.3293,94374.1019,17
6962,35489.8036,91375.4078,35
6963,35719.7997,92410.9914,96
6964,33294.8399,91890.1313,83
6965,35150.6419,93094.3409,32
6966,35535.3592,90573.1629,76
6967,33821.4938,91477.6229,42
6968,34461.4906,90783.1667,86
6969,36182.5728,93404.6288,16
6970,36281.1888,94268.8185,17
6971,35705.0778,89969.532,41
6972,33852.3265,92829.3307,12
6973,33922.8795,91930.4142,28
6974,36058.4021,90497.3286,69
6975,33121.5116,91545.6761,89
6976,34618.4265,92315.7074,35
6977,34802.0445,93960.7601,38
6978,35953.1336,93242.1224,77
6979,35256.7534,91235.1255,61
6980,36453.9626,94115.2041,53
6981,36278.6754,90662.8897,35
6982,36432.2891,92768.78,29
6983,35360.0887,93934.3674,52
6984,33693.7311,94078.2481,30
6985,33845.6599,91481.7897,21
6986,35966.4657,93071.5631,67
6987,36187.2982,93994.0879,41
6988,36066.1852,92881.2807,23
6989,34228.4312,92003.1955,57
6990,33882.3258,92771.8296,53
6991,34585.9364,93910.1999,76
6992,36162.8467,92107.0974,11
6993,35440.6377,93190.1757,61
6994,35885.3589,94174.9272,21
6995,35648.9706,93731.3034,29
6996,34989.5354,93297.4044,25
6997,35816.4637,91909.3134,44
6998,35337.3088,93614.0793,31
6999,35550.0796,91626.2486,59
7000,36225.3491,92907.9488,85
7001,35178.972,92449.6012,44
7002,35160.0836,92640.7177,18
7003,36261.4555,90971.233,39
7004,36430.8933,90268.4348,100
7005,35829.7968,90404.5476,75
7006,34553.717,94339.1027,17
7007,35248.1394,93049.061,66
7008,36076.7373,91479.3034,40
7009,35975.9145,94317.7103,74
7010,35334.5304,93517.9647,30
7011,35178.7012,90187.3167,20
7012,34037.614,94107.6957,52
7013,35175.087,91548.7435,73
7014,33239.5635,91962.0772,66
7015,36245.9041,92844.8916,77
7016,34292.8818,90859.5529,47
7017,34832.3188,90605.106,68
7018,36450.6305,94196.0395,70
7019,36316.455,91222.6306,24
7020,33752.053,93105.1664,89
7021,33645.9543,93958.2434,94
7022,33936.4922,91270.1168,87
7023,34646.4817,92444.3231,21
7024,33272.3403,91196.4997,71
7025,35240.6439,90113.148,93
7026,33930.38,91518.4572,66
7027,33801.2155,91842.911,33
7028,35547.0252,91163.1804,14
7029,33510.1167,92831.2736,45
7030,35281.47,92425.1561,33
7031,36362.8411,90753.7276,17
7032,34690.6596,94337.1604,21
7033,34037.043,93085.4497,71
7034,35747.299,90687.0562,43
7035,35115.9184,92784.3329,81
7036,34281.2084,91897.0803,39
7037,36271.7407,93866.3072,33
7038,33761.2162,91908.1909,95
7039,34591.7719,94369.3821,92
7040,33123.734,91872.6293,99
7041,35846.4632,90101.2036,14
7042,35455.0821,93253.2326,88
7043,36213.6834,93486.0202,13
7044,35527.8646,94270.7653,30
7045,35218.6999,90118.7037,53
7046,36030.0744,92804.6118,15
7047,34311.212,93617.6879,81
7048,36371.1763,91822.6479,66
7049,35027.587,92326.5421,39
7050,35720.9134,93096.0078,28
7051,35647.8549,92223.2092,74
7052,34970.0927,91216.2363,49
7053,36105.6356,94332.7105,93
7054,35727.3044,94169.6496,99
7055,35965.9045,90442.049,94
7056,35448.6925,93046.5615,98
7057,35250.6406,91736.2488,37
7058,35230.087,93415.1839,15
7059,34995.0922,93514.9127,93
7060,35958.9617,91399.5779,23
7061,34385.374,91950.694,88
7062,36212.0134,92360.1582,89
7063,33622.8953,93530.4543,63
7064,34534.8157,93510.1902,100
7065,33397.3364,92016.2462,28
7066,35457.8663,94311.3223,37
7067,33387.8996,92654.0465,96
7068,34060.9387,91023.1657,98
7069,35906.4651,92821.8344,38
7070,34332.0363,92913.2276,50
7071,34826.2075,90659.2745,99
7072,35698.4111,91623.4713,71
7073,34688.7094,90898.1708,16
7074,36176.187,93934.9197,84
7075,36186.7442,94128.8142,22
7076,35188.6943,92392.3774,49
7077,36260.9124,94423.269,18
7078,36097.2906,90663.7225,86
7079,33942.8794,91843.4668,30
7080,34046.7731,93549.3483,67
7081,35428.9704,91687.6384,69
7082,35923.1282,90702.0568,11
7083,33252.8969,92042.3569,27
7084,36243.1198,90552.3301,85
7085,35833.6932,94313.2659,74
7086,33107.6282,92334.864,70
7087,35082.0372,93801.3099,61
7088,35965.0798,94050.4784,84
7089,33071.7909,92031.2438,81
7090,34180.6539,92123.4774,97
7091,35981.1927,94491.6067,18
7092,36252.2922,92690.7213,78
7093,33294.5622,91180.666,68
7094,35810.3581,94013.2551,38
7095,34182.3206,91694.0175,10
7096,33162.3547,93073.7753,26
7097,34110.377,91759.2972,94
7098,33441.7915,94037.6881,58
7099,33094.5804,92853.7716,90
7100,35698.9666,90243.9858,23
7101,34140.3791,91270.6738,66
7102,35317.3081,91014.0088,64
7103,35870.9084,92317.1009,46
7104,34003.4443,93751.0145,78
7105,35814.5273,94495.2176,26
7106,35843.6871,89741.1916,85
7107,33595.3885,91334.5616,18
7108,34082.3211,92653.7722,14
7109,35618.9685,90475.9381,64
7110,35379.8077,90257.8743,33
7111,34278.9981,94050.7527,100
7112,35534.2468,91511.8005,34
7113,35584.5311,94444.1038,27
7114,35648.6898,91027.6215,19
7115,36157.5729,92992.9508,55
7116,35436.756,94348.268,59
7117,34381.4972,94365.7673,57
7118,35313.4199,90774.0019,68
7119,35650.6354,93002.6728,30
7120,35083.975,92207.9277,22
7121,34601.2043,92413.4886,79
7122,36008.4143,94330.2108,72
7123,36153.6796,91841.5363,92
7124,34360.9299,91795.966,46
7125,33665.3859,92288.758,62
7126,34898.4323,94090.7634,41
7127,33893.1663,93547.401,40
7128,35790.6359,93359.3472,18
7129,33072.6343,93393.7824,15
7130,35083.98,93597.4144,17
7131,35562.3001,92555.7157,67
7132,33109.8543,93684.0655,69
7133,36068.4035,90955.9534,44
7134,34983.9819,93612.4159,33
7135,36267.8523,93941.0312,20
7136,34944.5361,93327.962,21
7137,33029.5829,93071.2743,60
7138,36480.3404,91051.5156,42
7139,33612.6086,92064.5831,70
7140,35168.427,94093.5399,62
7141,33774.005,93682.6796,50
7142,34652.8727,93533.525,38
7143,34907.5891,91848.1945,79
7144,36089.2472,94419.6586,97
7145,34881.2123,94418.8305,26
7146,35547.0255,90597.6081,48
7147,34880.3674,92407.9332,95
7148,35146.4797,90184.5388,46
7149,35826.464,92171.8198,55
7150,36100.9071,92953.7828,85
7151,34840.9289,90863.7256,57
7152,33830.9394,93126.2793,52
7153,33797.0627,94060.1925,21
7154,34031.4893,92305.9831,46
7155,35581.7507,93969.3665,43
7156,35480.3601,90735.6678,20
7157,35163.145,90935.9506,22
7158,34303.1655,94338.2652,95
7159,36252.8453,91355.9678,82
7160,34635.9259,92029.5863,80
7161,33628.9971,91931.5237,92
7162,33741.2299,94148.2512,62
7163,34944.8148,93464.3558,37
7164,35800.9145,94134.9259,82
7165,33831.7827,94354.6481,31
7166,35137.5951,94264.3778,97
7167,35937.5779,93683.5235,54
7168,35768.1338,92866.8359,52
7169,35654.7993,91910.7016,59
7170,34665.6484,92269.8721,74
7171,35202.0269,92455.9902,95
7172,35103.9807,90190.0945,10
7173,34554.823,90715.6658,10
7174,35224.533,90786.7798,62
7175,36067.0191,93004.0618,49
7176,36226.1815,92684.8876,56
7177,36419.5117,93413.2406,74
7178,35428.6995,94178.2631,95
7179,35958.6859,92666.2753,60
7180,35634.8014,90580.6637,82
7181,33133.1844,92404.8668,62
7182,35230.3595,92472.6573,45
7183,36429.2315,92054.8753,21
7184,35878.6846,90598.9984,38
7185,35927.2943,90359.824,74
7186,34495.9375,93883.5304,97
7187,36071.737,91619.3075,65
7188,33784.8268,91940.6921,24
7189,33489.2785,91854.0202,77
7190,33421.7806,91849.8531,93
7191,33743.1612,91822.3546,67
7192,33422.6142,91762.6286,57
7193,33506.222,91982.9126,13
7194,33662.6082,91614.0151,37
7195,33631.2194,91848.7434,58
7196,33665.9408,91814.2983,28
7197,35302.0337,93864.088,27
7198,35223.1408,93157.9532,46
7199,35401.4712,93114.3407,34
7200,35387.863,93528.5202,90
7201,35147.5873,93223.789,99
7202,35278.4173,93133.7856,100
7203,35292.8653,93634.6359,13
7204,35473.1405,93764.6392,21
7205,35487.8615,93547.9648,53
7206,35373.1432,93851.3093,87
7207,35878.69,93197.3989,84
7208,35275.0843,93166.842,91
7209,36386.1769,92199.878,27
7210,35942.8518,89687.3015,14
7211,36137.8563,94159.3708,74
7212,36143.6902,94239.0954,17
7213,36013.4128,94066.0344,77
7214,35130.9193,91879.8637,100
7215,35250.9178,91844.5854,90
7216,34730.0979,90747.8887,97
7217,35070.6424,91879.5856,16
7218,35860.0807,94107.1471,22
7219,34933.9818,93494.357,22
7220,35282.0284,91833.4743,64
7221,35053.9792,93393.5185,14
7222,35194.8069,91967.6445,69
7223,35141.4751,91786.2498,49
7224,35262.0281,91977.3674,39
7225,35920.3592,94267.7083,38
7226,35361.749,91829.3085,67
7227,35446.7476,91736.2513,53
7228,35885.0737,91876.2575,86
7229,35776.4648,91859.5894,24
7230,36189.8002,94187.1492,93
7231,35032.3119,93223.2345,11
7232,36014.2478,94402.9917,91
7233,35290.6408,91470.9642,63
7234,35362.5835,91507.6324,22
7235,36027.3004,93920.1967,60
7236,35924.2477,94188.5387,86
7237,36114.2463,94259.0963,83
7238,35243.6948,93022.6715,72
7239,35779.2424,90258.7089,49
7240,35171.1959,92082.6473,48
7241,35813.6868,91535.6919,66
7242,36337.0108,92185.7108,45
7243,36412.006,90667.8923,32
7244,36371.4502,90524.8312,29
7245,35365.363,90612.3301,12
7246,36259.2304,90158.1525,90
7247,35503.4156,90453.7143,93
7248,35589.8026,90213.4287,64
7249,34762.0361,92472.1019,76
7250,35507.5819,90599.8301,19
7251,33014.0144,91995.6868,48
7252,35032.3143,90576.4939,55
7253,34988.1481,90852.6141,34
7254,34972.315,90666.7745,87
7255,34940.3711,90708.9982,28
7256,35134.5343,90847.3367,76
7257,35132.0349,90444.8236,94
7258,35129.257,90488.9916,25
7259,35080.6462,90767.3339,26
7260,35062.0353,90755.6668,47
7261,35037.5914,90804.2793,93
7262,35014.8143,90637.8847,58
7263,35009.5376,90463.1569,35
7264,34935.0935,90817.6129,93
7265,34934.5377,90773.4447,34
7266,34930.6493,90693.1644,29
7267,34962.8722,90452.8789,41
7268,34908.4279,90623.1621,14
7269,34935.3714,90862.3366,90
7270,35112.5904,90952.3399,68
7271,34929.5397,90434.545,43
7272,34931.2051,91045.6759,96
7273,34949.5374,90790.9453,82
7274,34990.0927,90614.2728,12
7275,35074.5353,90816.7799,90
7276,35074.2581,90528.7147,48
7277,35123.4235,90612.0511,32
7278,35131.4789,90811.2245,65
7279,35086.4797,90634.8295,89
7280,35020.371,90425.1004,10
7281,35008.1474,90789.8342,52
7282,35013.9816,91013.1751,40
7283,34938.1496,91020.9529,97
7284,35060.3692,90922.061,67
7285,35077.5915,90495.1025,29
7286,35094.2575,90612.8844,64
7287,34949.2613,90471.4905,38
7288,35082.036,90454.2681,85
7289,35142.3121,90633.7187,35
7290,34982.8705,90870.6703,100
7291,35071.4803,90558.1602,100
7292,35013.1472,90722.6097,71
7293,35129.5346,90577.6056,11
7294,35120.9234,90712.3323,31
7295,34972.3153,90902.6158,47
7296,34975.0943,90428.156,45
7297,35126.7568,90928.1726,30
7298,34955.3712,91116.2334,62
7299,34929.261,90589.8275,47
7300,34963.9831,90480.1018,41
7301,34993.4256,90835.3913,28
7302,34919.2618,90507.6026,82
7303,35148.146,90400.6558,41
7304,35007.8702,90916.783,72
7305,34984.8161,90452.3232,79
7306,35090.0917,90407.3224,32
7307,34912.8719,91110.1221,99
7308,35023.425,90684.8307,66
7309,35062.5913,90619.551,69
7310,34746.4809,92289.5948,94
7311,35120.6433,91591.8001,60
7312,35039.8155,90340.3759,72
7313,36385.9082,94135.2041,64
7314,35333.4136,92422.1006,10
7315,35166.4788,90404.5448,31
7316,34913.4297,90307.3195,51
7317,36275.9002,91524.0287,81
7318,34464.2565,93133.7931,58
7319,34633.4261,92508.492,91
7320,34976.6921,109822.3383,98
7321,33942.8069,113174.0805,91
7322,33032.8285,112073.1983,46
7323,33498.3756,112134.3177,33
7324,31815.0745,112556.8109,49
7325,33351.9866,112586.5542,39
7326,32372.8432,112030.9692,96
7327,31558.1502,110362.5803,23
7328,32851.1698,111714.2947,13
7329,32755.8935,111670.9584,48
7330,33325.5978,112764.0604,95
7331,35401.6666,113039.081,19
7332,34581.1305,113204.6414,52
7333,33136.4413,111873.1933,54
7334,33661.4262,112379.0519,43
7335,31967.8611,110294.5174,81
7336,36601.6535,112349.9036,11
7337,31351.4908,109886.1844,84
7338,33031.1702,111582.627,88
7339,33932.5235,114005.7748,53
7340,32326.4652,109487.0088,72
7341,32928.9524,109827.8595,57
7342,32843.6758,109562.0205,21
7343,35147.7774,114568.2983,83
7344,33573.3726,112356.8269,45
7345,35024.1874,110680.1343,54
7346,33134.281,110120.044,50
7347,32758.4007,109716.1912,25
7348,32960.0648,111319.8392,11
7349,33180.6128,110186.4783,47
7350,35875.8285,111412.9207,66
7351,33784.7735,110026.4881,64
7352,33993.9364,110288.7199,75
7353,33480.598,112187.0969,55
7354,33120.3303,111888.1936,50
7355,33435.3203,112297.9334,77
7356,33983.3663,112360.4449,69
7357,33895.6044,110173.7157,90
7358,32867.5652,109792.8591,43
7359,33211.9977,111686.2444,56
7360,32535.8924,112135.1387,21
7361,36527.222,110082.3452,18
7362,32452.8348,112843.4877,38
7363,36154.4483,109552.6072,42
7364,35414.4379,114199.4006,52
7365,33062.2863,110742.6052,41
7366,32752.002,111783.1837,62
7367,31887.2987,112145.6849,39
7368,34044.7693,110485.3908,51
7369,33815.8667,112580.1728,65
7370,33548.6504,112444.3298,41
7371,33336.4341,112207.929,54
7372,35959.7212,110939.5844,80
7373,32113.6897,109921.7343,14
7374,36990.2621,112975.7702,73
7375,32058.13,111800.1234,69
7376,34475.3132,109605.9405,36
7377,32977.839,111517.624,91
7378,33182.0052,110526.4886,64
7379,35652.235,109679.2759,55
7380,36073.0594,109892.3374,56
7381,31808.4129,111989.0131,66
7382,33698.6517,111925.1457,93
7383,32796.4368,113541.0275,62
7384,35179.9991,114566.3541,76
7385,33708.3633,113821.6025,99
7386,36845.8351,109846.5046,70
7387,32755.3236,114362.1667,12
7388,32175.3571,109613.3977,90
7389,31466.7657,109690.0706,35
7390,31344.5471,109545.3447,73
7391,32028.1367,110038.6795,71
7392,32721.4599,109105.3408,35
7393,32961.1733,109895.3601,98
7394,33613.0942,112324.6042,33
7395,31685.3714,109687.0138,59
7396,32755.8962,111554.844,24
7397,33069.781,110017.0288,92
7398,32972.8185,114463.5593,99
7399,33031.4508,111387.3431,59
7400,33790.6068,109988.71,47
7401,35744.4602,109076.4828,87
7402,33037.0042,109965.3612,19
7403,32677.5723,109079.2285,16
7404,35782.4885,113072.1453,20
7405,36945.542,112526.5889,10
7406,32617.8434,111550.9528,54
7407,31556.7617,110295.08,55
7408,35711.4022,109542.0492,60
7409,32378.6692,112872.9328,65
7410,33276.7135,112166.8159,72
7411,31733.9802,109829.7941,21
7412,32916.7304,109858.1374,53
7413,36054.4273,112139.336,92
7414,35745.8313,111473.479,91
7415,35522.5125,109857.338,20
7416,32323.6779,112041.2468,21
7417,31921.7424,112043.4603,70
7418,32065.6232,112560.6999,90
7419,35369.1614,113727.1643,18
7420,32006.7425,111713.7309,96
7421,35836.9493,110392.3535,95
7422,33760.0307,113653.2641,62
7423,33983.936,109747.0435,74
7424,33004.7879,110785.3836,35
7425,34814.1966,109864.8361,23
7426,31438.4325,110097.8554,88
7427,32368.9495,112475.4204,35
7428,31450.6546,109940.9086,86
7429,33307.2727,111720.9689,65
7430,35208.0534,114024.9503,37
7431,31994.5331,109277.5617,79
7432,32829.5101,109683.4127,33
7433,32338.6843,110239.5211,56
7434,31627.8703,110333.9678,65
7435,33016.4345,113348.7998,76
7436,32998.3944,109900.6382,11
7437,36897.2075,112742.4264,41
7438,36713.3235,112216.2896,81
7439,32103.1341,110066.1806,65
7440,34955.8574,110334.014,79
7441,36597.2186,111074.3114,21
7442,32016.1839,112079.5734,11
7443,32509.7805,112316.5308,51
7444,36727.7769,110254.5767,64
7445,35812.506,110195.1253,27
7446,33057.0085,110910.6656,74
7447,35189.443,114053.0065,79
7448,34369.1922,112665.1758,38
7449,35501.962,109528.1609,36
7450,32077.0176,111895.4041,60
7451,32578.3923,112005.6912,53
7452,31959.7952,112349.0248,73
7453,33293.3797,112175.4274,19
7454,32137.5642,112662.9255,34
7455,33334.7698,111945.6984,11
7456,32879.2291,111515.1224,79
7457,33513.3739,112359.3257,79
7458,34483.901,114322.4548,51
7459,33362.8228,112169.317,58
7460,33458.9343,111813.4739,35
7461,35283.8998,110965.1408,20
7462,33377.5421,112486.8287,90
7463,33493.3743,112357.9364,76
7464,32130.3561,110872.8658,39
7465,33232.5488,112047.0891,73
7466,35940.2821,110113.4557,60
7467,36416.946,109228.7125,70
7468,31882.5681,112815.7127,72
7469,35353.9127,109053.7017,16
7470,32167.0139,112127.3561,30
7471,36352.7792,109617.8867,65
7472,32436.738,111225.3822,43
7473,33058.1063,112047.6423,70
7474,33371.4331,112237.6526,91
7475,31601.2067,109670.0697,100
7476,34777.5315,109728.7219,94
7477,36909.4295,112758.8162,23
7478,36138.6029,111337.3639,54
7479,36111.1043,111222.3624,41
7480,33856.6993,112623.2297,80
7481,31335.3801,109948.1297,92
7482,35124.1907,109538.1655,60
7483,35896.3986,109448.7147,98
7484,35514.1598,113320.2086,92
7485,33915.8687,112135.9906,30
7486,36210.5382,112061.2802,85
7487,33306.7166,111789.5819,34
7488,35026.3915,114383.5698,15
7489,33243.6619,111858.472,59
7490,32707.2908,109909.5243,17
7491,32721.992,113792.148,26
7492,36914.7222,111455.8333,49
7493,33348.0976,112677.3908,100
7494,31785.9121,112309.0229,40
7495,33531.1541,111942.6452,80
7496,34150.0162,114289.1177,91
7497,35529.1589,113425.491,49
7498,31905.0865,109820.6232,78
7499,34268.9145,112727.1223,16
7500,33310.3355,110455.3768,75
7501,33435.5969,112461.273,89
7502,31946.7379,112541.8102,13
7503,35457.2187,113137.1432,75
7504,32716.176,111495.3971,25
7505,32896.1755,109827.5815,38
7506,35405.2998,109280.0974,16
7507,36100.8342,110225.9609,91
7508,33691.974,113895.2157,96
7509,31357.0467,109561.734,70
7510,33365.8891,109751.4749,51
7511,32239.798,110948.1466,68
7512,32187.0214,110909.2561,58
7513,31999.527,110286.1833,50
7514,31913.7028,109141.4495,85
7515,33990.5733,114396.3424,39
7516,33663.9137,114229.9486,11
7517,33248.6639,111634.2993,44
7518,32917.0064,111514.8453,70
7519,36149.4373,111136.2526,86
7520,32427.5718,110493.14,25
7521,32414.7944,111156.2145,31
7522,36718.0568,109625.9429,63
7523,32751.7127,113989.0993,74
7524,36407.2229,109872.8929,69
7525,33076.7226,111739.2993,83
7526,32833.9546,109707.58,22
7527,31429.2664,109883.4073,92
7528,34505.8698,109360.9327,95
7529,35644.7402,109095.6492,99
7530,34433.6485,109410.6552,58
7531,36022.227,109867.3365,23
7532,33781.1416,113614.6517,97
7533,33345.3349,110453.1551,43
7534,32820.0654,109592.0211,94
7535,32963.9344,112717.942,24
7536,32346.7328,112040.9692,41
7537,32083.4101,111488.1656,66
7538,32287.5683,112009.0238,50
7539,32267.8563,109227.5596,28
7540,31973.6921,111095.0951,24
7541,32869.5085,109542.8536,41
7542,35718.8915,110933.1956,34
7543,33422.8213,112204.0411,38
7544,31488.7016,111542.0505,28
7545,35902.5111,109165.931,88
7546,32222.2844,112688.2023,98
7547,35325.5608,112877.4057,72
7548,31912.0215,111881.234,81
7549,32858.1047,113213.2371,49
7550,35808.3385,110496.2451,15
7551,36594.4422,110642.3629,15
7552,32721.4476,111781.7946,17
7553,32115.0713,112035.6865,62
7554,32221.739,111816.5159,97
7555,32383.4038,111500.6693,86
7556,35980.0042,110045.1197,23
7557,32812.5658,109633.9667,91
7558,32596.4404,114709.677,63
7559,33406.7115,112073.4812,92
7560,32882.5532,111962.0805,41
7561,32485.0573,112516.8113,82
7562,33597.5393,112271.8239,65
7563,33181.4316,113236.0194,63
7564,36236.9266,112689.0791,79
7565,31960.9032,112584.0348,63
7566,36921.1097,109085.6582,50
7567,32849.2323,109759.2479,71
7568,32919.4921,112894.6145,55
7569,32792.2834,111614.8463,43
7570,31712.8683,110067.5764,70
7571,33493.65,112937.1249,91
7572,31813.9694,111825.6756,32
7573,36411.9253,113325.4964,22
7574,35484.9925,113563.551,71
7575,36279.7254,109167.8777,91
7576,35825.5641,109812.3348,99
7577,36134.9928,111239.8625,53
7578,32630.9014,109821.1883,84
7579,36223.0603,109079.8198,90
7580,32047.8583,110712.0272,79
7581,32717.8334,111926.5208,93
7582,33379.4861,112584.0544,17
7583,35387.4951,113657.7185,57
7584,32988.3955,111447.344,85
7585,31721.1939,111905.3987,66
7586,32180.355,110867.8657,78
7587,32347.2848,112326.8065,48
7588,32466.1714,112243.1958,14
7589,33744.4747,113752.1564,63
7590,32182.8444,112365.6941,87
7591,31410.9335,109878.407,66
7592,33613.9283,112215.4332,73
7593,32672.8256,114146.8821,33
7594,33822.5302,113541.5936,17
7595,35605.2871,110068.1773,46
7596,33836.9944,109964.2664,49
7597,32268.672,112738.7586,23
7598,33968.6412,112729.622,99
7599,35419.4639,109496.4948,86
7600,32252.8519,109832.0124,55
7601,35680.573,109052.5929,40
7602,32987.5659,110770.9387,56
7603,33776.4231,112528.5046,88
7604,34781.4188,110043.4504,19
7605,35489.439,113200.4805,89
7606,34221.6927,112747.4007,76
7607,34872.2287,114149.3965,61
7608,32725.3249,114624.397,72
7609,32633.1059,114714.3995,54
7610,35831.1225,109434.5471,52
7611,31940.0647,113017.3874,88
7612,36964.9859,112578.8133,88
7613,33576.9712,114241.8914,89
7614,32267.5727,111633.4524,33
7615,32879.5022,111757.3521,71
7616,32507.8406,111946.523,76
7617,32344.5109,112014.8577,55
7618,33012.8395,111442.0665,22
7619,32985.3241,113324.354,74
7620,32142.5679,112343.4709,47
7621,31630.6414,111809.5615,55
7622,31717.8594,112201.2411,29
7623,31858.1293,112540.699,23
7624,31900.0783,111774.2868,29
7625,32304.2343,112025.6908,73
7626,33928.0866,112690.7319,20
7627,35291.969,109158.4265,49
7628,35419.715,113808.5563,32
7629,31690.3753,109132.2817,40
7630,32869.7894,109190.3441,34
7631,34483.355,113047.6903,91
7632,32675.6039,114522.1714,15
7633,34935.859,110042.6187,18
7634,31899.5221,111852.3443,10
7635,32698.1232,109707.5779,28
7636,32675.6032,114073.5467,30
7637,34950.0057,114139.3969,40
7638,32327.8519,111218.158,58
7639,32824.4925,113449.913,48
7640,32831.7351,110945.3863,94
7641,33536.4427,110394.2677,26
7642,36681.6653,110531.5274,100
7643,32859.492,112392.6491,50
7644,33964.7546,112484.894,81
7645,35460.2779,112722.9576,44
7646,31843.6986,109906.7375,11
7647,33712.8295,110211.7674,38
7648,32712.547,114426.6129,67
7649,32807.5668,110522.3181,43
7650,32971.443,111908.4699,11
7651,36083.3159,114481.9193,71
7652,32589.7921,109969.244,35
7653,36816.6537,112601.0302,58
7654,31772.0329,110228.1323,42
7655,32973.3939,111558.7364,95
7656,32966.4337,112598.2151,48
7657,33679.7515,113944.6616,10
7658,34060.8644,112475.7269,18
7659,32256.1882,109582.2866,28
7660,31521.2005,111657.3325,22
7661,33751.4189,113769.3792,46
7662,31354.2689,109607.5681,83
7663,31643.4253,110346.4676,65
7664,36946.3736,112894.3777,53
7665,35162.7902,111117.644,55
7666,33947.5335,112335.7212,46
7667,35304.7362,110348.7401,51
7668,34745.0067,114487.4615,63
7669,31491.4874,109422.2877,39
7670,34778.621,113794.3861,81
7671,33865.3272,110201.2154,43
7672,35451.6778,110364.2966,72
7673,35303.0512,114139.676,91
7674,36872.7653,111595.1608,43
7675,35761.9514,110172.9022,12
7676,35188.6352,109433.1614,98
7677,31992.8603,110354.5181,27
7678,32483.4063,109347.2858,73
7679,32250.618,112605.9776,35
7680,35216.4137,109334.2673,81
7681,31935.6327,111780.9543,93
7682,32327.8362,112946.8249,75
7683,31592.3207,109240.6169,81
7684,31828.6928,111646.7797,37
7685,32574.4988,112525.98,24
7686,31667.3072,111776.7832,15
7687,33740.3286,110566.7737,68
7688,31765.6362,112105.1272,93
7689,31716.4737,111646.7779,88
7690,33316.4215,114664.957,91
7691,34188.6271,114224.6714,90
7692,33109.506,111149.8394,16
7693,35994.4279,112198.2261,65
7694,32704.4917,113901.5963,80
7695,34033.6438,112310.4431,46
7696,33373.0972,112658.2237,58
7697,31768.9775,110202.0211,31
7698,32750.9008,110476.4825,54
7699,34080.3086,112470.171,78
7700,32957.0066,109918.6936,19
7701,32118.9664,111321.7708,19
7702,32356.1848,111088.4337,88
7703,33087.2665,112666.8312,62
7704,33073.9454,111700.687,34
7705,31770.0905,109808.6819,82
7706,36413.0506,110822.3659,46
7707,36260.5572,109716.2224,81
7708,33301.1532,112902.1207,75
7709,35295.2858,112707.9563,61
7710,35424.9939,113649.3854,30
7711,31884.53,110229.7962,21
7712,35782.7678,114246.073,96
7713,34315.3015,112918.2404,61
7714,33526.9975,110179.5409,72
7715,35086.6828,110904.8615,45
7716,35385.2904,110320.6843,39
7717,33359.4859,112757.6716,90
7718,32473.4032,111292.329,11
7719,32917.3139,110724.2489,17
7720,34379.7616,109397.3191,90
7721,32879.5058,111567.0685,91
7722,32433.3921,112486.5323,30
7723,33201.1483,113872.4307,45
7724,33072.5487,112201.8138,22
7725,31861.1973,110209.7966,47
7726,32093.4127,110764.8065,69
7727,33001.1565,112417.3758,33
7728,33448.6528,112374.6032,49
7729,33570.3167,112427.3852,80
7730,31970.0834,110231.183,39
7731,34346.692,112733.5114,39
7732,34795.2835,114505.7953,85
7733,34062.5279,112821.5694,16
7734,33971.4171,113046.298,60
7735,31366.7683,109727.5704,29
7736,32690.6033,114453.0026,39
7737,32743.1257,109138.3973,22
7738,34739.4521,114268.2879,75
7739,32845.8823,112296.5348,30
7740,31950.3682,109218.3948,66
7741,33278.1073,111669.3006,56
7742,33077.0031,110035.0848,13
7743,33261.7092,112981.2896,50
7744,34018.9228,112163.4932,28
7745,33902.5298,113299.363,45
7746,34991.969,109944.8401,23
7747,34419.7464,112823.237,85
7748,34075.6021,110630.3945,89
7749,35396.9385,114259.6796,96
7750,34507.794,113594.6546,69
7751,34603.3666,109605.1082,69
7752,35066.6697,114116.6191,94
7753,31754.2582,109748.6809,12
7754,32815.6012,113799.0931,94
7755,31894.524,111664.5597,72
7756,32203.9589,112019.5778,35
7757,32946.1762,109253.1243,76
7758,31609.8081,111873.4521,77
7759,33247.8287,111841.2493,18
7760,36078.3336,110439.0231,70
7761,31567.3099,111772.8928,54
7762,33348.3751,112725.4481,15
7763,34802.2294,114177.1745,51
7764,34267.2463,112902.4064,17
7765,33009.7877,110815.3845,98
7766,33078.9383,112134.5897,51
7767,33356.1581,111943.4764,30
7768,34970.0233,110518.4618,47
7769,34418.3566,112917.1296,75
7770,32279.7834,112667.3683,56
7771,32303.4032,111872.0745,89
7772,33723.0865,113702.4321,51
7773,32944.7679,113503.2495,88
7774,32877.844,110583.7098,89
7775,35283.0803,109207.0391,21
7776,35891.6696,110687.638,69
7777,34054.7545,112323.2213,87
7778,34610.0336,109627.6083,77
7779,36802.2227,109397.329,31
7780,35405.5684,110084.8452,76
7781,31694.805,112007.0681,94
7782,32605.3382,111895.965,50
7783,36137.2266,109492.8837,73
7784,31802.582,111696.504,95
7785,32065.0818,109762.8429,13
7786,33111.4513,110973.4458,32
7787,32896.1756,109775.3591,53
7788,33917.2704,109773.987,39
7789,32334.7964,111062.0433,91
7790,32757.2679,114398.0011,26
7791,32881.9899,113646.5878,26
7792,35780.2847,110125.4006,58
7793,32223.6769,112330.1382,87
7794,32800.6002,114499.3933,42
7795,32038.4057,112081.2408,23
7796,31678.4187,111680.946,46
7797,31923.6862,112213.7425,50
7798,31670.3655,111382.0446,75
7799,34095.864,112462.3929,47
7800,35074.1838,110857.9162,54
7801,31581.2057,110142.0227,44
7802,32674.4925,114294.9421,71
7803,32432.5755,109215.3379,77
7804,33852.2523,113465.7577,57
7805,36204.1713,109135.9323,49
7806,32354.7956,109626.7336,18
7807,35937.2245,110670.9714,11
7808,33131.7239,111499.2935,12
7809,32274.7916,111960.9666,12
7810,36626.0985,112349.3484,53
7811,34965.0237,110413.4598,95
7812,32044.8029,109970.9009,98
7813,32975.8966,109366.4612,76
7814,33994.4735,112809.0688,87
7815,33742.829,109547.3111,75
7816,35143.8892,114093.5631,17
7817,33497.2626,112427.1058,54
7818,33803.917,113838.826,93
7819,35094.4599,110935.4175,60
7820,36966.9462,109637.8902,87
7821,32633.6641,112855.1604,27
7822,34070.5772,113886.6051,51
7823,32726.7144,113755.2022,14
7824,32563.3884,112458.756,19
7825,33075.8783,113222.9623,77
7826,32002.5816,110681.7486,29
7827,35490.2886,110144.5691,60
7828,36863.8757,112579.6425,27
7829,32145.3476,112141.8001,18
7830,33210.8909,110300.0928,47
7831,36036.112,110509.5803,80
7832,36934.7197,110776.2482,27
7833,32492.5696,111255.1055,52
7834,32033.1334,111488.9985,80
7835,31479.2648,109979.7986,61
7836,32428.9601,111269.5498,81
7837,31547.5885,111733.4467,47
7838,32684.7694,114022.1562,90
7839,32035.3511,111952.6266,79
7840,33082.2607,114687.1794,57
7841,33050.5948,114644.122,28
7842,36152.7614,113583.8294,50
7843,32788.9579,110937.6079,16
7844,33092.2784,111686.2425,37
7845,32218.132,111130.0976,10
7846,32299.7996,109359.2284,34
7847,36804.988,112054.3434,15
7848,32555.0722,110933.438,22
7849,34098.3654,112269.3303,85
7850,32908.9354,113481.304,96
7851,31379.8232,110118.4106,96
7852,32011.7441,111565.3907,62
7853,33104.2115,113139.0708,87
7854,32824.511,110476.2055,18
7855,32060.9036,112317.0802,24
7856,34905.3033,110254.8458,16
7857,33378.3798,111943.4767,97
7858,32050.6273,112157.9093,55
7859,34238.9136,112864.3493,52
7860,32904.7709,112985.4509,94
7861,35082.2462,109630.668,71
7862,32313.6819,111789.5714,86
7863,31811.193,111679.5589,39
7864,34247.5163,113964.9412,15
7865,33634.1943,114117.9997,17
7866,32993.9341,112757.9443,10
7867,34811.1414,109655.6655,29
7868,34737.2295,114376.9024,31
7869,33095.6173,111232.341,98
7870,32127.2924,112138.1886,42
7871,32256.1841,111606.5064,73
7872,32142.8559,110838.1424,37
7873,32339.5163,109753.124,57
7874,35822.4896,114003.8441,10
7875,36996.389,109368.9986,48
7876,32576.1802,111325.6659,19
7877,31489.82,109989.5211,72
7878,32076.1841,111917.9047,43
7879,35660.5468,113152.9801,45
7880,32077.3005,111311.7701,69
7881,34048.9225,112148.4926,95
7882,33477.5536,110248.9858,83
7883,32533.6665,112848.2119,27
7884,35741.934,112872.693,14
7885,36513.0564,109473.4394,88
7886,36688.3223,112349.3495,76
7887,33070.057,111668.4638,21
7888,33157.8217,113080.1805,24
7889,31602.3081,111894.8416,62
7890,32080.3504,111955.128,24
7891,31612.8643,111782.0604,74
7892,31737.3038,112024.2912,48
7893,32011.7433,111637.0607,16
7894,34077.8061,112744.0671,30
7895,36839.4461,109702.334,63
7896,35336.6619,114216.3448,42
7897,32034.5181,111907.07,51
7898,33228.1032,112166.5374,60
7899,33175.8862,111799.3025,46
7900,31597.0319,111662.8888,92
7901,32121.1858,111683.1754,34
7902,31693.9758,111442.8798,30
7903,32996.9882,112503.7678,83
7904,32814.7905,109172.2877,65
7905,32618.112,112114.5826,18
7906,34474.1831,113633.8223,40
7907,32315.3383,112671.8132,45
7908,32430.625,111538.1717,98
7909,31950.9032,112598.2023,53
7910,31744.2478,112160.6844,68
7911,32295.6279,111537.6144,58
7912,32928.658,112821.2787,44
7913,33183.1066,111919.5843,72
7914,32726.1789,110482.3154,19
7915,31722.3058,111772.895,61
7916,33117.5549,111746.2445,88
7917,31798.9674,112300.4115,37
7918,34165.3048,112729.3446,64
7919,32839.771,113322.9636,96
7920,31371.4901,110036.7427,93
7921,35309.4396,114089.9527,64
7922,32155.0673,112368.7495,56
7923,32765.0478,113622.1416,86
7924,35298.6215,110989.3079,64
7925,35603.624,109745.3893,92
7926,32523.9605,110207.3049,20
7927,35123.9027,111031.5305,15
7928,34170.0198,113846.049,16
7929,33131.9975,111840.6922,68
7930,33606.9871,111843.1983,83
7931,35288.3528,109685.6701,34
7932,32608.9575,109538.1267,32
7933,32878.9379,113099.8994,69
7934,31990.0721,112343.747,54
7935,31668.1386,112123.7383,55
7936,32396.4486,112496.5321,66
7937,32076.1962,109324.7838,65
7938,35499.4544,110405.6866,67
7939,33414.2123,111943.4772,53
7940,36943.0577,109709.0016,83
7941,32948.3986,109230.346,51
7942,32707.8463,110682.3227,16
7943,35565.0039,111054.0308,20
7944,34718.3405,114487.1836,100
7945,36850.0006,109425.6636,89
7946,32563.3906,112212.9183,57
7947,33358.9369,111832.3619,93
7948,36649.4431,110429.3034,23
7949,31902.583,111060.6488,40
7950,36863.6102,109102.6018,21
7951,35117.7914,111093.4765,24
7952,32796.7123,113881.5958,24
7953,34910.8601,109951.5056,85
7954,31966.1898,111552.6114,76
7955,33838.9157,113886.8829,42
7956,32046.739,112057.9071,14
7957,31705.638,112030.9578,80
7958,35653.6071,112138.4988,92
7959,32241.1913,109095.058,64
7960,32015.3496,112290.412,63
7961,36230.5392,111973.5001,21
7962,31759.2483,111924.2886,87
7963,33611.4269,112427.1084,54
7964,35344.4389,113884.1137,100
7965,33566.1502,112409.6066,96
7966,33552.5397,112367.1047,38
7967,35893.3372,110374.0198,63
7968,31957.3056,110342.0184,74
7969,36065.0068,109218.7115,98
7970,35738.0448,114397.4662,72
7971,32552.8494,109335.8978,68
7972,32003.9629,111921.7917,96
7973,34703.3462,113611.3242,89
7974,35761.9357,112264.0586,13
7975,36189.4349,111393.7545,34
7976,33424.4845,112867.9544,93
7977,35394.4515,111108.1993,28
7978,35848.8773,112255.7261,67
7979,32658.1232,111404.5595,58
7980,34471.9677,112890.462,95
7981,32363.4095,109288.6722,46
7982,32893.6777,109202.8447,60
7983,33494.4869,112110.9836,70
7984,33668.3717,112192.3777,38
7985,33528.6536,112013.203,33
7986,33407.5445,112104.5933,23
7987,33485.8764,112044.8703,54
7988,33452.2656,112115.7054,66
7989,33600.0401,112164.8756,88
7990,33050.0453,113277.1306,30
7991,33564.2089,111974.3131,90
7992,33588.9317,111859.0319,44
7993,33833.3333,111950.8333,14
7994,33387.5458,111992.0895,90
7995,33379.2123,112042.3688,64
7996,33534.2093,111985.4244,60
7997,33390.3237,111972.9222,52
7998,33605.595,112231.267,12
7999,33481.1546,112009.0357,53
8000,33502.2635,112286.5449,58
8001,33462.5419,112316.2678,13
8002,33565.8732,112284.6017,44
8003,33376.1563,112102.0928,71
8004,33656.7066,112051.8165,18
8005,33719.4852,111882.6445,82
8006,33655.0395,112098.485,84
8007,33604.4864,111923.2007,60
8008,33576.4315,111902.0888,74
8009,33531.9867,112040.9817,64
8010,33468.6543,112090.427,72
8011,33571.1536,111917.367,28
8012,33539.763,112231.2659,56
8013,33422.269,111759.0272,87
8014,33393.6567,112009.8679,84
8015,33628.9301,111964.8688,57
8016,33715.874,111899.8673,35
8017,33243.0983,112999.0676,22
8018,33454.4897,111840.6969,64
8019,33606.1517,112079.0392,34
8020,33593.9296,112097.9287,91
8021,33580.0413,112049.3157,29
8022,33451.7092,112256.821,42
8023,33377.2692,111887.0861,49
8024,33513.0971,112211.8203,84
8025,33380.601,112065.425,58
8026,33541.1521,112199.3204,54
8027,33667.8178,112025.1488,56
8028,33492.8199,112195.1528,96
8029,33389.4909,111905.4201,45
8030,33434.7685,111775.139,22
8031,33415.8796,111853.4745,79
8032,33360.3235,112089.5922,30
8033,33556.1519,112188.2091,26
8034,33477.5442,111910.4216,83
8035,33573.6522,112092.0949,72
8036,33642.5411,111951.8129,70
8037,33558.93,112132.6517,41
8038,33639.2076,111979.0359,14
8039,33703.3713,112165.7104,83
8040,33478.3759,112154.318,40
8041,33645.8718,112239.6013,82
8042,33692.8165,112111.8192,38
8043,33540.3193,112127.0957,85
8044,33314.7702,111950.6982,56
8045,33231.9897,112387.1008,89
8046,33423.6563,111968.2003,100
8047,33383.9351,111958.4773,79
8048,33456.99,111781.2507,72
8049,33615.0406,112062.9276,79
8050,33454.2115,111909.5879,85
8051,33544.7634,112167.6527,11
8052,33616.9839,112188.21,72
8053,33233.3862,111671.5221,52
8054,33484.2106,111925.1443,32
8055,33605.5967,112020.1482,53
8056,33483.3769,111985.7017,42
8057,33504.2093,112063.2044,65
8058,33502.8206,112034.0368,25
8059,33495.8764,112015.425,60
8060,33661.9819,112341.2726,50
8061,33211.1623,111875.4166,22
8062,33674.4831,112147.9315,24
8063,33648.65,112189.0438,57
8064,33604.209,111888.1996,62
8065,33424.2125,111887.3646,15
8066,33293.1055,111821.5271,52
8067,33371.158,111920.1425,85
8068,33554.2085,112046.5376,11
8069,33416.9901,111923.4767,13
8070,33394.4896,112056.2583,99
8071,33527.8198,112085.7053,16
8072,33571.9863,111997.925,75
8073,33570.3192,112064.8718,95
8074,33498.0972,112252.377,92
8075,33657.2602,112278.2142,42
8076,33459.2113,111929.3108,11
8077,33670.3172,112080.9844,24
8078,33531.9876,111904.033,87
8079,33642.8192,111928.7567,87
8080,33448.9308,112342.3798,68
8081,33350.3243,112019.5898,62
8082,33383.3803,111870.6967,59
8083,33658.3721,112170.1544,12
8084,31913.6888,111799.2876,69
8085,32207.021,110875.366,80
8086,31973.4138,111282.3236,79
8087,32141.1888,111028.427,55
8088,32196.1878,110939.2573,14
8089,32201.1879,110812.0303,59
8090,31769.5224,112410.4156,25
8091,32353.1295,111025.6544,12
8092,31702.3065,111749.5607,26
8093,35943.0409,112185.7251,45
8094,36628.5991,111654.3255,12
8095,35528.3267,113231.3159,64
8096,36815.5432,111637.6612,75
8097,35060.5737,110815.9711,94
8098,35697.7694,112546.0133,92
8099,35434.7308,110844.5833,80
8100,36996.654,111490.16,83
8101,34162.8038,112844.9039,92
8102,34141.6945,112689.8991,56
8103,34550.8583,111864.5957,85
8104,36170.8352,109946.5061,33
8105,36565.2785,109217.8791,56
8106,36184.7258,109442.883,76
8107,36812.7794,109890.117,93
8108,36005.5622,109555.6621,15
8109,36705.0,109046.4866,80
8110,35547.7981,109105.0932,100
8111,35756.1244,109425.6573,29
8112,36052.7857,109110.653,93
8113,35475.5773,109127.5933,66
8114,36604.4451,109060.6531,82
8115,34286.1539,109355.3692,30
8116,36228.6124,109894.5605,43
8117,35702.5091,109938.1725,85
8118,36237.7818,109128.71,22
8119,35812.5117,109462.0475,42
8120,36579.1674,109224.2683,83
8121,31916.7515,109958.9584,99
8122,31739.2562,110198.1328,80
8123,32410.3504,110312.5809,87
8124,31558.428,110339.8025,28
8125,31882.0329,109653.3992,76
8126,31982.8606,110123.4032,93
8127,31550.0953,110271.4688,12
8128,33618.1083,110396.4911,93
8129,33640.8855,110607.3291,98
8130,33714.7708,110978.4501,68
8131,32957.2853,110355.0919,13
8132,32984.228,109932.305,14
8133,32875.065,109740.6365,95
8134,33718.9193,113767.4343,100
8135,35591.9357,114273.2932,90
8136,35040.0039,114121.897,30
8137,35222.2207,114561.9097,54
8138,34308.3483,114052.1666,23
8139,35044.4453,114623.0214,84
8140,35100.8333,114621.3552,19
8141,36726.0944,113341.8953,23
8142,34561.1291,113351.8688,80
8143,36090.5415,114098.0174,96
8144,36415.8149,113066.5971,18
8145,36775.2789,110009.0098,95
8146,35410.2905,110061.789,29
8147,34919.1923,110151.7878,96
8148,34096.4348,110503.1707,12
8149,33798.1065,109930.3759,51
8150,34928.0811,110136.5098,54
8151,33785.329,109956.7649,98
8152,34910.5814,110165.677,62
8153,34980.58,110058.1752,23
8154,35435.2914,109904.0068,44
8155,35040.2976,110742.3587,88
8156,32734.7701,113702.4225,59
8157,32818.9331,114485.504,69
8158,32727.8251,114700.7883,95
8159,32552.0137,111303.4422,17
8160,33012.8332,111834.3015,97
8161,32587.2876,111629.2887,70
8162,32504.5138,111263.4395,76
8163,32733.6788,110647.0442,55
8164,32875.8851,112048.7497,66
8165,33177.2712,112080.7005,68
8166,33143.6727,110899.2774,71
8167,32264.802,109083.3912,60
8168,35875.2812,110620.4145,30
8169,34901.9642,112446.838,42
8170,31678.9775,111061.7579,87
8171,34825.2987,111436.5369,58
8172,33848.1076,109143.1325,51
8173,31604.5352,110878.1425,63
8174,31707.8658,111064.5359,14
8175,33799.7543,113182.4134,92
8176,35195.5668,111304.0386,29
8177,33415.0485,111549.5777,16
8178,34408.3712,110430.9553,58
8179,31574.8121,111332.3208,63
8180,31727.3097,111061.2026,25
8181,34453.3606,111918.2079,46
8182,35225.0114,112484.0675,79
8183,34616.4125,111914.3202,28
8184,33845.0469,110969.0078,33
8185,34272.264,109914.8296,26
8186,35238.0657,111833.4974,80
8187,33332.0006,110943.4472,37
8188,34070.8665,112150.7149,95
8189,35570.2794,111275.7015,75
8190,31447.8762,110306.747,81
8191,33610.0552,109106.7396,41
8192,33619.2219,109083.1278,64
8193,34196.6968,112355.722,72
8194,34200.8645,112152.9372,47
8195,34332.2619,110147.8923,38
8196,33911.7056,111816.813,31
8197,34436.143,111046.7988,67
8198,31542.8722,110514.5261,19
8199,33822.2611,111918.203,74
8200,33703.387,109153.1305,87
8201,31587.3127,111052.8682,61
8202,32577.5726,110844.5471,22
8203,31389.2622,111250.6505,72
8204,32291.4623,110379.5221,39
8205,34471.9716,111996.5437,33
8206,33412.555,110814.8328,67
8207,35234.4564,112025.1635,18
8208,33389.782,109047.0131,63
8209,34588.0802,112041.8236,13
8210,34151.1415,112393.2235,91
8211,34757.5227,112453.7809,44
8212,34771.1319,112057.9367,14
8213,34361.7055,110295.3961,31
8214,34521.9699,111818.4827,87
8215,34278.6409,112232.9398,76
8216,33050.8966,109296.1826,98
8217,34554.4699,111312.9169,84
8218,34039.4856,111186.7967,58
8219,31852.3066,110974.8125,24
8220,34303.3628,112166.8266,63
8221,34332.2513,112120.4362,96
8222,34717.7989,111921.5438,89
8223,34091.7147,109203.6942,61
8224,35275.2884,112349.3413,38
8225,35205.5686,111474.879,30
8226,34842.5208,111430.9814,33
8227,33911.7167,109345.0847,14
8228,34205.5857,112338.4991,54
8229,33352.8348,110652.6053,19
8230,35248.9002,112404.3433,40
8231,34530.0253,112241.2739,72
8232,33377.8336,110817.0548,18
8233,34981.4072,112376.282,99
8234,34361.9734,111978.4874,86
8235,34573.9206,110804.8518,58
8236,34111.1581,109291.475,34
8237,35211.4005,111613.2163,93
8238,34163.6425,112255.163,66
8239,33047.0075,109318.6831,81
8240,34717.8025,110966.8016,98
8241,34960.5736,112602.6756,18
8242,35242.5111,111567.9383,12
8243,31659.8128,110525.3565,43
8244,34606.9684,112404.0566,63
8245,35198.0671,111651.2725,43
8246,33259.4994,111337.0717,78
8247,34565.5796,112495.7256,47
8248,34235.0348,111348.1918,59
8249,33636.7105,111674.5826,74
8250,34140.3086,112366.5559,71
8251,35141.6792,111694.3279,54
8252,34078.6514,111186.5193,66
8253,34101.7053,111279.8554,63
8254,34443.0807,112548.5052,94
8255,33394.2223,110786.4984,72
8256,33458.9367,111487.3546,34
8257,33674.4926,111150.1233,50
8258,34695.579,112409.335,48
8259,33439.2136,111684.3034,34
8260,33651.1602,111049.0079,92
8261,31763.9752,110750.0834,38
8262,34189.7669,109403.7021,19
8263,34010.0477,109458.7014,46
8264,34475.5807,112431.2792,70
8265,31658.9789,110647.304,20
8266,33642.2758,109323.9689,39
8267,34743.3546,111407.3685,68
8268,33460.6018,111692.9151,30
8269,32042.5806,110546.745,96
8270,31467.3182,110707.029,83
8271,34583.6456,109408.1578,58
8272,34431.4262,110594.0135,73
8273,31857.8622,110788.6959,94
8274,32571.1845,110738.4328,10
8275,34266.1399,112382.9449,44
8276,33583.103,111355.4072,12
8277,34500.8589,112237.3846,15
8278,34913.9058,111727.1013,100
8279,34080.045,109905.3818,84
8280,33412.5545,110883.4459,76
8281,34584.746,112569.8948,14
8282,34010.5961,111319.2999,50
8283,34748.9107,112113.7716,28
8284,34529.7483,111283.749,90
8285,34521.6911,112462.9467,21
8286,34566.4156,111142.9136,21
8287,34417.5251,112712.1218,40
8288,34325.313,111094.298,46
8289,31610.6428,111670.9449,96
8290,34163.9323,109989.5522,62
8291,34632.2449,111777.9282,41
8292,34154.488,109973.4405,98
8293,34909.1874,111447.0936,62
8294,34313.6417,111715.4248,74
8295,34653.0778,111732.6499,92
8296,34285.0405,110157.0584,81
8297,33394.7776,110820.944,26
8298,34598.6361,111229.0269,94
8299,31335.6566,110623.9709,90
8300,32448.1316,110755.0954,80
8301,34520.8594,111329.5833,96
8302,34141.4335,109777.0457,65
8303,34631.6907,111260.9728,72
8304,34618.3593,111092.6358,60
8305,34397.8054,112236.2734,48
8306,34638.0783,111817.0959,41
8307,33557.2752,110679.8301,99
8308,34073.6564,109857.0472,32
8309,34296.1385,112491.0039,90
8310,31990.0824,110435.3531,41
8311,33399.2217,110868.7232,40
8312,34620.0234,111891.5419,79
8313,34553.0797,112476.0028,75
8314,34163.3634,112407.3906,84
8315,33078.6735,109365.3514,96
8316,34616.975,110787.6298,82
8317,35085.2924,111665.9925,18
8318,34457.5317,111000.965,89
8319,34945.574,111640.1551,30
8320,31438.4323,110248.9686,87
8321,31340.3775,110934.2532,51
8322,32285.0664,112148.7476,46
8323,33953.106,109209.2478,71
8324,34515.3023,112444.6129,35
8325,32315.6198,112245.6936,48
8326,31434.2608,111253.7064,75
8327,32610.9054,110770.9348,47
8328,31530.6474,111014.8113,66
8329,34390.8717,110553.1791,41
8330,34767.5199,111893.4886,20
8331,33404.7711,111538.4662,29
8332,31999.5262,110580.0789,15
8333,35260.5664,111948.7743,32
8334,31539.5378,110756.1963,51
8335,34885.5757,112468.2271,92
8336,34172.2515,112484.6155,43
8337,34230.8684,111325.1355,16
8338,34901.6864,112191.2765,79
8339,33376.1673,110753.7196,29
8340,34384.4739,111455.1407,14
8341,34307.5397,110251.5054,100
8342,34125.8775,109937.6056,91
8343,33056.4518,109332.5724,82
8344,34450.8597,112269.33,88
8345,34471.4137,112487.392,56
8346,34430.0259,112414.0565,93
8347,34540.0242,112468.5025,51
8348,34610.0243,112315.721,98
8349,31609.8103,111497.0486,89
8350,35414.7281,111915.9947,23
8351,33872.2656,111313.187,10
8352,35532.501,112190.7221,18
8353,33450.3318,110824.5556,71
8354,33183.3933,110997.6141,30
8355,33733.3745,111844.8657,40
8356,34825.5741,111816.5445,39
8357,33229.7793,111209.2899,62
8358,34010.3136,111955.7079,61
8359,34359.4838,110090.6692,42
8360,34968.0767,111470.7059,59
8361,33667.5484,111134.2893,45
8362,34000.6051,109267.3061,33
8363,34295.8739,110093.1682,54
8364,31461.2044,111237.5949,69
8365,34276.1377,112610.7299,99
8366,34109.4822,111353.7462,10
8367,31957.5818,110955.646,53
8368,32599.7933,110630.9289,15
8369,31482.3136,111415.9348,15
8370,34409.7606,110116.7817,64
8371,34869.7395,111760.9896,77
8372,33756.7174,110512.884,73
8373,35239.4568,112273.228,42
8374,34406.1497,110072.8917,92
8375,34505.3024,112685.4541,80
8376,34513.3698,110078.4491,88
8377,32427.0202,110741.2048,45
8378,31679.5337,110655.3594,64
8379,34146.6982,112267.1079,95
8380,34196.4322,109887.3275,32
8381,34133.3799,109285.9196,85
8382,33740.3302,109327.0253,12
8383,33183.3948,109457.8553,50
8384,34148.3742,111032.3495,23
8385,34255.0351,111258.4672,53
8386,34781.4099,111512.6495,92
8387,34407.8063,111493.4754,44
8388,33550.6104,109318.1348,56
8389,33864.2086,111467.6349,31
8390,31433.9873,110405.081,96
8391,33476.9899,111714.5826,61
8392,33293.945,111096.2305,67
8393,34863.9084,112099.8842,30
8394,34794.7424,112046.8257,59
8395,34465.0374,110091.2265,31
8396,33854.7732,109314.2492,68
8397,34316.146,111132.0764,71
8398,33526.4365,111389.8523,54
8399,31464.5405,110729.2514,72
8400,31612.59,111045.9238,21
8401,34428.0881,111022.6315,94
8402,34660.5792,112414.8906,89
8403,34393.0821,112416.8345,43
8404,34257.5429,109692.878,32
8405,34571.1386,111068.1901,40
8406,34213.6393,112535.7279,80
8407,34455.859,112378.2221,20
8408,34343.9148,112622.3968,46
8409,34283.0827,112548.5058,91
8410,31382.0435,110691.1944,95
8411,34424.4738,111267.6359,67
8412,34556.6909,112449.6132,68
8413,34731.9688,110960.4127,76
8414,34516.6967,110988.4657,43
8415,34425.8586,112586.8398,54
8416,35249.4566,112191.0031,73
8417,35243.0678,112135.4454,39
8418,32388.6863,110698.7011,47
8419,34670.0217,112863.239,72
8420,35205.0122,111408.2096,98
8421,33924.2022,112113.2121,27
8422,34101.4318,110963.7358,75
8423,34577.2558,110378.1789,47
8424,31390.3757,110878.4194,86
8425,31363.1549,110810.0846,51
8426,31725.0875,110880.0869,39
8427,31495.9252,111279.8188,79
8428,31471.4828,110976.4769,44
8429,33423.6588,111629.5797,69
8430,33421.4361,111710.6927,21
8431,33611.7105,111717.3613,21
8432,33423.658,111735.6933,46
8433,33420.8809,111654.0246,75
8434,33420.8814,111581.2452,33
8435,33419.4918,111689.8589,32
8436,32505.5556,110921.1111,71
8437,32297.853,110918.7037,73
8438,31965.36,110775.6402,40
8439,31854.2511,110993.7019,97
8440,32254.5201,110842.8651,57
8441,31977.3043,110704.527,42
8442,32299.7972,110953.4272,81
8443,31834.2517,110732.8608,99
8444,31950.0821,110925.3671,37
8445,32320.3529,110889.5371,42
8446,32251.7423,110737.3056,25
8447,32259.2423,110858.6993,52
8448,34625.3074,110833.1865,49
8449,35238.9011,112114.3335,49
8450,35302.5092,112385.4532,25
8451,34338.9284,110799.8477,19
8452,34584.4708,111130.4137,60
8453,34628.3634,110796.5191,37
8454,35241.9564,112065.9985,12
8455,35240.5676,112044.8866,31
8456,34570.8585,111305.4171,34
8457,34343.0846,112100.7134,25
8458,34520.8585,112296.5531,36
8459,34590.8576,112355.7219,18
8460,34307.8074,112103.4912,93
8461,34364.7494,112376.8333,10
8462,34536.1353,112566.2835,84
8463,34568.08,112375.1667,26
8464,34503.3599,111970.7097,99
8465,34568.0801,111847.0955,24
8466,34613.3569,112554.061,34
8467,34180.5855,112402.1126,78
8468,34584.7464,111860.1516,55
8469,34702.8006,112572.3952,33
8470,34523.0798,112509.337,11
8471,34345.0288,112159.0486,26
8472,34695.023,112556.5613,57
8473,34574.1906,112508.226,91
8474,34607.8007,112799.6252,72
8475,33879.2177,109272.3038,20
8476,33991.7171,109145.3578,32
8477,34028.3807,109456.7571,76
8478,33928.9404,109060.6318,21
8479,31386.2117,110288.135,88
8480,31379.2677,110153.411,30
8481,31483.4308,110254.8026,55
8482,34263.9293,110900.9598,75
8483,33694.4948,110813.1677,55
8484,33721.7196,109281.1902,89
8485,33188.9507,109382.5756,89
8486,33730.3314,109056.1834,27
8487,34340.0403,109949.5541,98
8488,34355.3177,109995.9446,11
8489,33298.6656,111289.5709,28
8490,34360.3104,111184.3002,16
8491,34349.755,111198.467,30
8492,34269.4795,111225.1332,27
8493,34329.7558,111190.411,84
8494,34285.5894,111295.1352,48
8495,34336.1432,111296.8025,46
8496,34317.5327,111292.0799,64
8497,34371.1421,111283.4692,30
8498,34315.3103,111334.5811,49
8499,34366.975,111358.749,11
8500,34065.3167,111356.2458,14
8501,34183.0917,111340.4132,34
8502,34313.0911,111104.0203,76
8503,34358.9229,111094.5763,57
8504,34329.7585,111011.241,96
8505,34293.0923,111067.6304,70
8506,34942.5194,112247.3898,57
8507,34960.2968,112287.1131,10
8508,34438.915,112354.6103,55
8509,34867.2398,111805.4345,85
8510,33818.9339,111270.4075,73
8511,33850.5995,111306.2422,90
8512,33866.7104,111293.4643,71
8513,32410.3535,110732.0368,89
8514,33868.6505,111828.7568,37
8515,34690.2995,111905.7098,27
8516,34739.743,111996.2676,20
8517,34677.2444,111950.155,70
8518,35192.5105,111737.1079,86
8519,34731.9656,112026.5462,65
8520,34823.077,112443.5036,64
8521,34538.0811,112121.5479,15
8522,34363.6394,112201.8278,97
8523,35227.2333,112572.9566,97
8524,33430.3327,110764.5536,80
8525,34063.3634,112582.3965,14
8526,35973.5954,112126.5569,33
8527,34254.2084,110029.8327,51
8528,35744.7292,110220.6817,47
8529,32835.3435,110332.3118,68
8530,33626.9689,114438.0081,10
8531,33569.4795,113352.1403,70
8532,33630.587,113767.7108,81
8533,36002.2091,114068.2936,89
8534,36924.1682,109603.7227,40
8535,35333.3294,114588.8563,67
8536,34945.8548,111492.9284,64
8537,32554.4974,114784.9577,17
8538,32486.9996,114782.1796,93
8539,32221.7429,110926.479,69
8540,32122.3007,110844.5315,64
8541,34560.5796,112569.617,39
8542,33448.3771,112074.0373,24
8543,35881.3918,110714.0274,54
8544,36322.4925,110949.3112,49
8545,33466.7115,111864.0311,11
8546,31950.6389,110452.5757,86
8547,35876.3922,110640.4148,16
8548,36899.4213,113932.7433,70
8549,34142.5438,109960.3843,98
8550,32697.5472,113953.5427,26
8551,32410.3508,111017.3237,39
8552,34853.0598,114584.4085,55
8553,35751.1228,109624.5514,64
8554,34966.6691,114568.575,78
8555,34942.7805,114590.7978,77
8556,35499.4543,110448.4653,41
8557,35751.3983,109847.8915,21
8558,33831.7111,111294.575,55
8559,33349.4998,110992.6154,73
8560,32437.8484,111315.385,82
8561,34780.297,111762.6535,19
8562,34553.8996,114372.4569,78
8563,32657.8265,114411.8901,29
8564,35223.3312,114223.0108,89
8565,35096.9581,111692.6602,90
8566,32345.9069,111246.2146,85
8567,32037.8487,112320.9689,49
8568,35818.0604,110534.5792,69
8569,34911.9475,114606.6314,47
8570,34690.023,112541.0052,26
8571,34373.3656,111175.6891,53
8572,33723.654,111676.2498,98
8573,33601.439,110999.8392,41
8574,33622.2719,111003.4505,92
8575,34283.3722,110948.1833,14
8576,34270.8737,110884.015,66
8577,33867.2581,112146.8235,56
8578,34397.2525,111270.6913,19
8579,34378.6425,111224.3011,93
8580,33799.4828,111978.7599,17
8581,33770.3167,111969.5923,27
8582,33798.0944,111949.3145,36
8583,33756.1512,111900.4232,99
8584,33632.8202,111848.1985,11
8585,33667.5417,111865.4215,51
8586,33714.7635,111853.477,81
8587,35253.646,113984.951,41
8588,35261.57,114011.279,39
8589,34219.409,114198.243,27
8590,34710.499,112011.516,27
8591,32534.7222,110873.6111,77
8592,33191.1,111528.0,46
8593,31947.5093,110288.9498,98
8594,31405.2619,109917.9752,27
8595,31392.4377,109580.4258,61
8596,31352.647,109526.5462,78
8597,31906.8118,110228.2815,95
8598,31550.3633,110217.1454,84
8599,31895.2855,110990.9042,13
8600,32450.9344,111219.1643,38
8601,31937.7994,110971.0938,82
8602,32230.7702,110829.2765,93
8603,32220.0231,111030.693,25
8604,32295.4127,110975.5829,38
8605,32307.4182,111031.3738,73
8606,32165.4364,110787.8029,25
8607,32181.6672,110804.566,48
8608,32196.9786,110994.0966,23
8609,32162.2531,111014.5934,79
8610,32249.7046,110889.5046,69
8611,32157.9027,110945.5831,76
8612,32114.529,111052.992,53
8613,32267.6967,110921.2691,56
8614,32100.8041,110837.9565,22
8615,32324.3989,110981.6951,77
8616,32201.0949,110967.1714,60
8617,32400.8092,110975.0427,82
8618,32140.5571,110894.4296,43
8619,32155.6161,110925.8248,55
8620,32111.6206,111027.5266,10
8621,32084.4415,110959.6669,12
8622,32190.374,111098.056,64
8623,32179.6752,111121.5372,15
8624,31385.1998,110952.1729,11
8625,32665.777,114429.1902,55
8626,32711.0136,114654.58,87
8627,32697.0861,114545.0166,37
8628,32672.3916,114450.6193,42
8629,32664.0094,114480.4101,86
8630,32677.4688,114627.0363,31
8631,32725.5505,114514.7667,38
8632,32721.276,114665.9779,80
8633,32686.1552,114601.3134,36
8634,32450.9,111194.7,80
8635,32144.5264,111110.3217,93
8636,32321.2769,111040.1194,84
8637,33364.646,111461.565,55
8638,31708.711,110350.209,29
8639,38174.6398,121278.5588,84
8640,37394.6626,121959.1252,94
8641,38324.0804,122488.0366,54
8642,37998.2562,121283.5581,57
8643,38444.6306,121943.022,94
8644,37743.8175,121662.7285,90
8645,37904.3701,122525.5306,75
8646,37366.0513,121827.1756,26
8647,40594.8513,124255.0558,57
8648,39388.5002,121405.2424,99
8649,37754.3731,121370.7773,89
8650,39582.6609,122045.8116,72
8651,41317.3451,124041.1824,65
8652,38132.695,121870.7927,69
8653,40275.9769,123636.4206,92
8654,37287.9985,122032.1819,39
8655,38345.194,122973.8878,28
8656,38208.2503,122306.0844,56
8657,40469.3064,123799.7628,29
8658,38401.3007,120505.7585,74
8659,41443.7793,120870.2442,95
8660,36501.34,120316.2666,15
8661,38707.6812,122048.0266,86
8662,40537.357,124060.6039,29
8663,38533.246,123085.28,44
8664,41529.0606,120173.2781,69
8665,36733.8394,119497.9071,23
8666,38633.5157,121971.3578,41
8667,40994.5699,124112.0114,75
8668,38420.4651,121527.1772,84
8669,38654.9043,121052.4439,82
8670,38190.7514,121088.2767,97
8671,36721.3392,119609.8571,62
8672,40473.4843,122475.8441,89
8673,37904.9252,121147.442,37
8674,36518.2834,119719.0244,81
8675,36644.682,121664.3902,89
8676,38216.8601,122139.6906,87
8677,36869.3981,121400.4907,53
8678,37419.6598,120667.4207,33
8679,38266.5829,122656.9309,31
8680,37393.8244,121071.5976,84
8681,40313.7671,122071.6612,57
8682,39087.1178,121086.6149,10
8683,39716.8221,123353.3476,46
8684,40652.0897,122944.7474,76
8685,40027.9592,120103.8161,54
8686,38453.803,123055.0013,37
8687,36940.5058,121410.4904,78
8688,38885.1773,121969.6908,38
8689,38682.6817,120847.7146,38
8690,40736.2385,124174.2264,51
8691,36547.4496,119791.2504,38
8692,38982.3949,121767.4672,13
8693,38932.6748,121345.5099,61
8694,37076.3341,120192.9487,89
8695,38503.7966,120755.4891,95
8696,40965.6826,124035.6196,32
8697,37826.8711,121144.1071,39
8698,38015.2007,122688.5967,20
8699,40222.922,123643.3637,83
8700,38379.0776,121454.3973,100
8701,40700.7031,122638.3512,90
8702,40785.4066,124085.3368,63
8703,36987.7274,119711.8118,91
8704,40100.1449,123795.029,92
8705,40056.2678,122150.2688,47
8706,38707.687,122902.4964,40
8707,37108.2804,121986.6265,33
8708,38761.0132,120884.6603,62
8709,36773.0053,119411.5151,17
8710,37948.5354,122524.6979,88
8711,39074.3383,121893.8583,87
8712,38765.7447,123528.0651,24
8713,38829.0674,122193.8633,33
8714,40020.1673,121071.9031,50
8715,36879.3932,120763.7961,80
8716,36531.6159,120098.2058,24
8717,38100.7531,121305.5034,55
8718,39329.0561,121533.8564,45
8719,38368.2444,121517.4543,37
8720,40505.4281,122541.6799,87
8721,38349.0803,120513.5368,82
8722,38094.9216,120869.9371,48
8723,38666.5756,122819.715,32
8724,38413.8005,122546.0935,41
8725,39321.0149,120428.8153,48
8726,38908.7867,121792.7445,38
8727,40761.2425,123994.7779,54
8728,38799.6238,121718.297,88
8729,38352.4149,122815.2694,36
8730,36936.6187,121864.6774,27
8731,36880.5022,120110.4401,94
8732,37663.5433,120463.5289,98
8733,37116.6136,121966.3477,79
8734,40396.0086,120526.0578,75
8735,39865.7071,123714.1884,94
8736,38190.7508,122256.0823,51
8737,36700.5057,119681.2492,70
8738,38092.9762,120134.3539,53
8739,40588.2068,122305.8387,72
8740,37352.1636,122086.0732,44
8741,37715.7626,121381.6102,32
8742,38659.354,122871.6615,24
8743,41051.0078,120475.5054,94
8744,38679.3483,121968.3023,88
8745,40851.7929,124162.2856,74
8746,38286.3023,122106.913,24
8747,38549.0762,122720.2653,85
8748,39276.2768,122191.366,62
8749,38752.4045,122614.9853,19
8750,40549.3195,122175.2786,33
8751,36723.8391,119458.183,47
8752,37139.6661,120274.343,99
8753,40234.5864,123823.6457,41
8754,37532.9919,121920.2363,60
8755,38300.4709,120706.3219,93
8756,36996.3391,121896.0683,15
8757,38228.2509,120540.7599,27
8758,40266.2524,123870.3146,28
8759,36741.3465,121765.783,43
8760,39151.8426,123541.9555,58
8761,36683.2831,119385.679,71
8762,38903.2305,121577.7385,48
8763,38436.8549,122402.2007,41
8764,37081.6142,119298.7359,13
8765,36999.6702,121526.3287,52
8766,36634.3943,119754.8622,100
8767,40443.7628,122407.5078,64
8768,40475.1501,122618.0702,99
8769,39356.2796,121279.1273,59
8770,41286.7896,124059.7937,69
8771,36544.9499,119287.3384,37
8772,36678.2657,118044.2548,63
8773,40563.7631,122238.8916,60
8774,37481.6043,122264.4113,33
8775,39884.5994,122545.8323,61
8776,41123.457,124156.7375,72
8777,40335.435,121914.9899,14
8778,36566.3496,121946.6223,98
8779,38299.6376,122666.6533,10
8780,39291.0002,121793.3062,93
8781,38852.1217,121169.3926,78
8782,40209.0317,123785.866,26
8783,38834.9001,121014.3878,61
8784,38431.8551,120571.8719,69
8785,38823.7881,121483.8455,23
8786,38615.1837,122427.757,57
8787,38046.3097,122183.3005,87
8788,40595.1289,124279.7788,36
8789,40081.5453,122170.5478,17
8790,40798.5091,120365.2225,83
8791,37477.1599,122221.3546,50
8792,39441.0001,123690.5692,78
8793,39265.4449,123204.4496,83
8794,38423.2462,122788.0454,28
8795,39493.7751,121744.6978,27
8796,36851.3351,120055.993,77
8797,40495.1371,123992.823,96
8798,36970.7843,121874.1226,41
8799,38870.1766,121706.3532,72
8800,38888.2322,122237.4749,89
8801,40890.1348,123584.4933,75
8802,38013.2562,122663.8731,52
8803,37196.0561,122145.52,28
8804,37941.3133,122484.9739,25
8805,37973.5336,121695.5088,16
8806,39616.0137,120427.1545,38
8807,40482.3573,124100.8808,42
8808,41840.4056,123192.5489,64
8809,40599.3165,122491.9571,54
8810,38430.7433,121300.2273,90
8811,38979.6179,121375.5114,56
8812,39589.6256,120367.4301,18
8813,37426.051,121975.2373,74
8814,37370.7721,120676.3088,86
8815,37659.93,121002.7121,24
8816,37507.1591,120044.8999,39
8817,38028.2564,120506.5877,11
8818,37871.0381,120433.2511,36
8819,37018.2789,120310.4516,43
8820,37134.9442,120492.1291,72
8821,39301.8307,122489.1522,80
8822,37128.2815,119694.3135,27
8823,37519.1028,120437.4151,49
8824,39323.2377,120379.9251,23
8825,36964.3919,120653.239,98
8826,38535.1852,122224.9751,83
8827,40454.0255,124053.6568,28
8828,37900.4816,122644.4263,88
8829,39907.6606,121528.0275,33
8830,37847.4263,121185.7751,61
8831,37403.8272,120594.9181,79
8832,38246.307,122905.5518,22
8833,37690.4854,121747.4527,75
8834,38910.7301,121525.237,62
8835,38291.0251,121311.06,44
8836,37156.0572,121844.12,33
8837,37595.8333,122019.1667,81
8838,39164.6129,122910.5515,60
8839,36618.8397,119489.8496,46
8840,38317.9721,122924.1635,96
8841,39932.936,122053.8745,87
8842,40018.4999,121105.5153,33
8843,38442.9658,120630.7628,75
8844,40567.0753,124201.7199,54
8845,39037.3968,120972.4425,19
8846,40321.8069,123921.7063,30
8847,41035.9583,124111.179,90
8848,37549.376,121199.1036,27
8849,40023.7557,123943.0832,13
8850,40629.322,121916.6612,94
8851,40400.1473,123054.1895,51
8852,41902.3885,120358.2886,95
8853,36749.3949,120639.0661,90
8854,39457.9431,121467.7449,40
8855,37867.1477,121638.0069,65
8856,34958.585,118148.6857,76
8857,35237.7397,119003.1582,80
8858,34557.7721,115744.4411,48
8859,35747.1769,117395.3351,32
8860,33920.2933,117446.4354,57
8861,35547.7335,117927.5688,46
8862,33812.7953,118263.9604,39
8863,35264.9814,116074.4571,46
8864,33594.4667,117891.7238,69
8865,33982.2356,118118.1246,35
8866,32649.7832,116243.9068,24
8867,35326.3635,120835.1785,15
8868,34624.1591,117206.9882,31
8869,33835.5721,118176.7353,45
8870,32693.6638,115337.2077,25
8871,32658.9506,116100.8486,38
8872,34519.9973,115512.7662,87
8873,36431.061,119797.9143,83
8874,34201.1156,118598.1424,78
8875,35308.8502,117968.4031,64
8876,34561.3853,115544.712,52
8877,35650.7888,117661.73,90
8878,36326.8949,119335.6716,15
8879,33660.8533,115721.3795,18
8880,33827.5154,118379.7962,86
8881,34471.3877,117171.7086,39
8882,33777.7952,117773.9427,64
8883,34214.46,114215.7824,93
8884,34028.3444,118390.3553,40
8885,34935.2537,119615.1279,63
8886,34863.3187,116888.092,12
8887,33858.3484,118064.7871,18
8888,36267.9969,117591.7348,43
8889,35978.2861,119000.1005,13
8890,35247.1876,119595.4004,97
8891,33712.5191,115402.2052,84
8892,35891.6196,119047.324,22
8893,34031.1254,117107.5341,43
8894,34138.8968,118213.9624,74
8895,33963.3461,118018.121,17
8896,33920.2949,117278.6518,96
8897,36471.6161,119122.3301,37
8898,35598.0116,119208.1627,100
8899,34240.5598,116438.9047,70
8900,32684.2183,117246.1473,92
8901,33953.6239,118003.6759,42
8902,35383.2924,119083.159,55
8903,35299.9602,118911.7658,37
8904,34888.5904,120314.88,74
8905,32997.542,115071.9158,19
8906,34109.4537,118239.2407,99
8907,34919.1646,115062.7541,27
8908,35297.1937,116913.9253,88
8909,35268.85,119002.8801,83
8910,36213.0059,119640.9604,92
8911,35589.6767,118960.3752,90
8912,36329.6724,119609.8499,59
8913,33817.2375,118010.6174,68
8914,33704.7406,115634.433,75
8915,34178.3378,116308.0667,17
8916,34016.6781,117980.065,96
8917,34934.7025,117199.2124,96
8918,34815.5403,117193.3779,78
8919,36402.1722,119809.0252,83
8920,33800.8528,114766.353,44
8921,35665.2315,117873.1248,73
8922,35646.8991,117812.5674,60
8923,35340.5433,115310.5436,94
8924,32617.5626,116189.739,42
8925,35372.7406,117634.7823,51
8926,34830.262,117180.322,90
8927,36065.7859,119107.0493,59
8928,36487.1576,117873.9694,16
8929,35012.4884,115653.6072,50
8930,32708.1085,116997.2487,58
8931,33944.1813,117486.4372,55
8932,32809.4959,116512.5171,96
8933,35094.689,119109.5511,39
8934,33838.3518,117145.5887,71
8935,34266.114,116393.0703,28
8936,34618.321,118288.133,57
8937,36357.7274,119064.5489,37
8938,35936.6136,117906.7408,80
8939,34744.4264,120278.2114,89
8940,33968.3465,118070.6228,51
8941,34721.1004,116160.0117,95
8942,32668.9485,116289.74,50
8943,34004.7335,118430.9115,37
8944,33900.0176,117255.0396,81
8945,33895.0156,117490.881,66
8946,35305.5201,119622.6239,93
8947,35107.4655,118914.2669,53
8948,35063.8557,118970.1023,50
8949,35032.7612,116471.4138,99
8950,35303.8485,118457.8633,48
8951,33752.2398,118326.1829,77
8952,35438.8517,119690.1277,60
8953,35223.573,118842.3203,88
8954,33917.5171,117157.8126,74
8955,33959.7361,118326.4638,33
8956,34506.3847,117358.6577,85
8957,35516.347,119290.9435,39
8958,35466.6532,115272.2098,21
8959,34956.9224,120444.6084,85
8960,34228.337,118536.7525,76
8961,33465.863,116098.8922,79
8962,34002.2327,118483.6906,55
8963,35419.6802,119057.0465,63
8964,33836.1268,117846.1682,77
8965,33046.1534,117234.7581,74
8966,34598.8813,117334.2134,82
8967,33987.5125,117884.7835,24
8968,32583.6668,117084.1947,42
8969,33432.807,114732.1814,49
8970,35266.906,119056.7707,25
8971,33760.5756,116737.7964,62
8972,35785.7871,117363.3902,25
8973,34156.6737,116496.1263,13
8974,33948.9011,118445.6331,69
8975,35717.7326,119328.7234,40
8976,32604.7822,116613.0731,65
8977,35303.5844,120376.5474,78
8978,33210.0397,116516.6835,43
8979,33020.3211,117202.813,69
8980,34763.872,117969.7905,65
8981,34083.6252,114849.6918,26
8982,33525.3044,114656.0685,31
8983,36301.339,119117.6063,72
8984,34719.4291,118005.6247,25
8985,35359.1276,117887.5671,38
8986,36020.5207,120905.1826,71
8987,36128.8547,121020.4672,72
8988,35643.8587,121190.7533,47
8989,33642.246,116181.1166,60
8990,35389.9734,120609.057,15
8991,34271.6694,118708.9797,78
8992,33109.2099,116673.0763,50
8993,32902.2691,117099.7546,18
8994,34026.4003,118372.0215,99
8995,36485.7832,119223.1676,45
8996,35655.2465,120375.4325,38
8997,34151.1173,118449.2482,77
8998,35973.0179,116271.1387,47
8999,36466.0536,118645.9278,40
9000,34864.7019,120291.5456,21
9001,34135.2808,116090.2813,88
9002,33890.016,116684.1822,50
9003,34416.3851,118452.3053,40
9004,33846.6829,118310.3506,90
9005,36130.2265,118818.1495,100
9006,36182.7288,119080.3818,18
9007,34163.8932,116247.2317,29
9008,34266.9466,118302.3,73
9009,35848.2993,116226.4127,78
9010,34510.5478,118355.3578,55
9011,34150.28,116054.169,34
9012,33640.3013,116139.4485,61
9013,34040.0085,118579.5272,81
9014,36455.2287,119484.8471,81
9015,35762.7322,117372.8346,51
9016,34252.225,118288.4105,71
9017,36224.1173,119103.4385,80
9018,35839.6752,119084.8252,79
9019,33953.6255,118163.6812,91
9020,33805.0163,118351.1842,62
9021,36138.5621,119509.567,30
9022,35697.1911,120693.5046,21
9023,34148.3408,118273.4089,91
9024,33959.7349,118400.6322,83
9025,36226.6195,119994.8595,88
9026,36400.5066,120139.0355,82
9027,35462.2055,115476.1061,74
9028,33058.6526,115448.3183,32
9029,33990.982,118300.095,95
9030,34667.7661,117825.6194,52
9031,33315.312,115603.3227,56
9032,33929.737,118168.1254,98
9033,33097.5435,116645.5757,56
9034,34904.9849,116820.3127,56
9035,36325.5055,119082.3272,38
9036,38618.82,119519.49,55
9037,38514.9112,119476.8329,97
9038,33831.128,116231.3958,49
9039,36901.3418,121605.2218,97
9040,37806.5921,119895.4575,19
9041,39283.2291,120913.5554,70
9042,37599.9369,119001.2424,35
9043,34077.5104,117689.7776,67
9044,36010.245,121238.5359,72
9045,37647.4304,119718.5006,55
9046,37271.3351,119534.0277,92
9047,37356.8875,119607.0912,77
9048,33565.038,117727.116,90
9049,41985.1651,120321.9001,88
9050,38354.9133,120591.8729,50
9051,37495.4941,121989.4053,59
9052,38835.1832,123052.7793,77
9053,36569.656,117963.14,22
9054,38429.0771,122248.0299,21
9055,38032.6985,122075.2418,55
9056,38096.5856,122103.0212,90
9057,37764.6501,121165.2175,16
9058,36815.2237,119969.8776,15
9059,38454.6322,120530.2037,37
9060,36588.0033,116943.1123,88
9061,40443.5095,120451.6114,10
9062,38052.9779,121013.8298,25
9063,37699.0988,118764.019,27
9064,38351.2998,121822.7388,81
9065,39157.3919,121590.2438,96
9066,36800.7809,119868.761,63
9067,39097.9483,121624.9657,79
9068,36952.4464,120201.8345,100
9069,38585.7394,120934.3844,66
9070,41279.3397,120310.7799,68
9071,38677.6823,121802.4646,94
9072,38335.7457,121417.1739,27
9073,38214.9168,122332.7523,65
9074,38390.7432,122024.1349,34
9075,38294.3599,120913.2726,81
9076,38350.7443,121758.2921,13
9077,38047.4231,120690.7637,35
9078,38845.1766,121538.5697,58
9079,38202.4183,120508.5359,18
9080,36700.7833,119717.6399,11
9081,38336.0244,121159.39,20
9082,37731.0401,121359.6655,83
9083,38741.8469,120870.2154,54
9084,38076.8635,121849.958,26
9085,37856.5931,120946.0473,31
9086,38677.1264,121673.0163,98
9087,37216.611,121740.5043,48
9088,38243.247,121855.2381,28
9089,40724.6205,120370.2222,70
9090,38344.636,120961.3296,80
9091,37119.1131,119982.1066,41
9092,38224.6364,121897.4615,99
9093,38401.2999,121256.8927,33
9094,36552.9898,117945.3614,63
9095,38285.4682,121816.6264,16
9096,37264.9431,121818.0072,54
9097,38956.5642,121101.058,13
9098,36750.2282,119492.9071,91
9099,37462.7165,119774.6066,27
9100,38080.1969,121732.177,81
9101,40138.4756,123997.2563,24
9102,37892.9816,120846.8785,19
9103,37598.2673,121945.2369,47
9104,39236.5667,120736.6021,53
9105,38131.3094,120634.6511,30
9106,37237.1691,119775.1542,34
9107,40415.4289,122534.4562,50
9108,36837.7276,119709.5867,25
9109,38581.5788,123121.3925,20
9110,38901.5651,121181.6158,31
9111,36722.1722,119717.9182,34
9112,38204.9183,120987.1632,45
9113,36896.0608,119729.8667,88
9114,38417.1313,121946.9106,88
9115,39042.6739,121094.9477,90
9116,36692.1706,119198.171,28
9117,37934.3687,121427.1709,21
9118,41913.4899,121423.0461,70
9119,40300.7092,122326.9473,49
9120,40674.065,120404.1119,68
9121,38228.8038,121601.0654,63
9122,39497.3873,121387.4652,25
9123,38070.1986,122538.5899,90
9124,36721.3384,120256.5521,36
9125,37180.2192,120968.2564,41
9126,39989.8823,121541.0842,97
9127,40524.0443,121957.2164,39
9128,39291.557,121477.4656,46
9129,36721.8946,119636.5252,82
9130,38192.6936,122068.0217,32
9131,38671.571,121894.4114,42
9132,37529.3814,122063.5737,43
9133,37432.7123,121099.9323,21
9134,36928.5636,121705.2259,81
9135,39316.5647,120811.0516,54
9136,36795.2167,118584.8214,100
9137,39921.8148,123898.6358,38
9138,40157.3699,123460.8587,90
9139,37835.2057,120507.6982,37
9140,39590.1611,123777.7947,88
9141,38676.5707,120875.7712,52
9142,38002.7007,121250.2241,39
9143,39279.6113,123234.4507,90
9144,37369.9413,121995.7928,41
9145,39189.3342,122423.5921,64
9146,36623.5615,120406.2754,74
9147,40382.6772,120387.1634,75
9148,36609.1225,120916.5736,90
9149,38012.1434,121851.3461,12
9150,38600.1827,121552.4569,18
9151,40013.7651,122553.3352,55
9152,38307.9677,121758.847,89
9153,36982.4505,122143.3004,27
9154,38198.5282,122436.6448,52
9155,38139.6392,121907.1828,63
9156,38217.4167,122373.0316,81
9157,38776.0177,122821.9381,92
9158,37714.6518,121558.0031,59
9159,38109.0888,122845.5484,52
9160,38425.7466,122848.0481,48
9161,38036.8662,121278.2804,68
9162,37143.542,118243.7111,15
9163,40674.3161,122460.5676,94
9164,36732.737,121596.6111,69
9165,38957.1198,121033.2778,97
9166,37635.21,118744.5728,85
9167,38586.0166,121971.0798,97
9168,37011.0575,120119.0547,35
9169,38358.246,122334.9761,14
9170,36890.7819,120690.4605,30
9171,37939.9239,121568.8402,97
9172,36596.8992,120833.5144,91
9173,36546.0615,120487.9427,80
9174,41676.2729,121254.1503,51
9175,37183.5559,121706.3366,13
9176,37980.7573,121047.9965,53
9177,36530.7965,121145.1978,58
9178,41074.0632,120469.3943,97
9179,38870.1806,120626.0383,44
9180,36746.6135,119899.5949,50
9181,37814.0949,120272.6907,30
9182,41109.8891,121106.6381,82
9183,37670.2086,121859.1229,29
9184,39972.373,123447.2431,48
9185,38148.2546,122883.0502,34
9186,38330.192,120631.0412,36
9187,38961.0064,121544.405,27
9188,38206.0259,121875.2383,80
9189,38503.5181,121559.9566,25
9190,37263.2766,121876.3427,65
9191,39364.333,121608.0254,26
9192,40269.5967,122556.399,80
9193,38238.5259,121560.5093,36
9194,36970.782,121419.1017,44
9195,38380.1903,120532.7041,31
9196,38466.5747,121656.3472,33
9197,38246.027,122439.7015,41
9198,38151.0295,122447.7551,70
9199,37098.001,120129.8908,19
9200,39345.7186,122428.8737,71
9201,40632.6362,123877.2708,88
9202,38038.5313,121960.2386,89
9203,39964.8737,123358.3522,17
9204,38090.4742,121872.7367,79
9205,37611.8777,120135.1839,41
9206,37609.3749,121264.3837,36
9207,38446.3019,122861.382,59
9208,37198.8334,121721.6149,89
9209,39876.5413,123443.908,59
9210,38197.1395,122277.4721,48
9211,39342.3905,121333.0175,43
9212,38651.857,123399.1756,36
9213,37946.3119,121848.5678,80
9214,37361.8809,121045.763,27
9215,41905.4347,121409.7125,15
9216,41573.781,120436.342,64
9217,36524.6569,117903.9708,94
9218,37934.37,120739.9315,22
9219,40063.477,123963.6409,87
9220,38050.2003,122759.4337,92
9221,36551.8947,119359.0088,75
9222,38265.1907,122005.5212,94
9223,38057.1434,121276.8915,61
9224,41936.8225,121451.3801,19
9225,38157.9737,121271.6141,25
9226,38295.4678,121965.2427,49
9227,37630.7636,121287.1623,71
9228,37732.4299,120596.5902,76
9229,37940.4787,121812.7334,23
9230,39885.4271,123911.1353,10
9231,38627.1272,121092.1671,30
9232,37632.4331,118812.3521,56
9233,39039.3387,122419.6995,47
9234,36503.8392,119683.1892,13
9235,38367.1361,122714.1542,34
9236,38244.359,122106.9124,74
9237,38188.5314,119204.5974,63
9238,39058.5069,121138.283,69
9239,37944.6471,122706.3748,24
9240,40548.194,123824.4884,21
9241,40205.4245,123491.9716,65
9242,35036.3724,116379.7442,36
9243,33118.0937,115255.8112,42
9244,34942.7786,114824.4152,32
9245,35042.7625,116027.5098,14
9246,36047.7266,117223.39,61
9247,34686.649,120592.6692,89
9248,35272.1825,118626.2024,16
9249,35787.1902,120939.0738,85
9250,35326.626,118739.8158,76
9251,34435.2751,117835.6184,30
9252,35614.9624,119867.9123,21
9253,36036.063,119511.2332,27
9254,33221.1509,116334.1774,84
9255,32957.2687,116925.5835,80
9256,34873.8756,116193.3478,100
9257,35773.5626,117850.0702,33
9258,34674.7114,117345.6032,62
9259,35806.6347,121090.4712,68
9260,35383.5718,119251.2205,15
9261,36342.4514,120102.9215,51
9262,35053.0319,120596.2816,44
9263,34128.9047,114411.0664,70
9264,35096.6344,118297.5795,39
9265,34931.0895,120511.8336,39
9266,33293.0887,117361.9829,17
9267,35723.8556,120296.5384,86
9268,36288.577,121152.6971,65
9269,33698.9086,117793.6653,86
9270,34453.5978,120454.8838,72
9271,35099.9824,116273.3522,78
9272,35047.2061,116165.5703,85
9273,34635.554,115348.0383,93
9274,32600.3362,116841.1323,33
9275,34164.7381,114301.0628,23
9276,33732.2431,117011.9697,62
9277,34602.2132,117631.1675,86
9278,35992.4531,119042.8799,15
9279,36250.7993,121138.8072,24
9280,33176.4274,115508.5978,22
9281,34734.7048,118424.8034,10
9282,34315.2789,118914.8205,74
9283,36369.9499,119134.552,78
9284,32908.3813,116926.1385,11
9285,35191.6356,117576.7246,95
9286,33901.9598,116545.5688,75
9287,34983.5976,115869.7256,46
9288,35311.072,119091.4935,12
9289,35508.5836,121022.6879,67
9290,35500.7898,117948.6796,44
9291,34803.8772,116452.5244,18
9292,36098.007,119643.7374,37
9293,36284.9507,119287.8913,85
9294,33952.7939,117058.0856,34
9295,35667.4547,119191.2178,92
9296,34940.0013,114792.4701,53
9297,35312.4596,118693.9815,37
9298,33195.3147,115404.4275,18
9299,35271.0978,115449.4367,35
9300,36073.8343,117512.8405,67
9301,35670.7977,120081.8085,80
9302,34966.3761,115806.6675,43
9303,35398.8502,119447.3389,53
9304,34900.5578,114766.9136,90
9305,34920.8127,117468.6651,59
9306,34647.7608,120526.2774,84
9307,36051.3422,119232.0541,76
9308,34727.7673,116313.3512,91
9309,34196.6717,119099.8266,44
9310,34558.05,117306.4348,64
9311,34586.9334,118304.8004,63
9312,36018.5639,119027.6017,31
9313,36257.7285,119287.3355,73
9314,36342.7279,119154.2748,89
9315,36094.3972,119232.0543,99
9316,34367.2238,117342.2682,19
9317,36037.4523,118991.2114,27
9318,34143.3388,118757.0342,19
9319,34981.9286,116594.1953,22
9320,35939.9671,121119.0844,91
9321,33728.354,117146.4209,56
9322,36325.7833,119105.3837,55
9323,33021.4302,115108.3059,99
9324,35158.3004,119522.6213,97
9325,34276.675,115170.2567,44
9326,36046.0575,117460.8946,25
9327,35180.2429,119198.7202,50
9328,35389.4321,115264.4313,51
9329,36094.1199,120003.4687,77
9330,33751.4099,116278.3416,20
9331,34810.5357,120598.7812,92
9332,34774.4262,118148.1286,48
9333,36123.841,119328.4477,62
9334,32816.9898,114838.8505,65
9335,34122.5027,115795.2722,17
9336,35142.7428,118494.809,61
9337,36181.8954,119420.6744,100
9338,34471.9383,118180.9079,93
9339,36081.9031,120480.4335,33
9340,32945.3263,116712.5217,37
9341,35298.8624,120402.9375,22
9342,34759.7111,116355.298,45
9343,33464.1975,116913.9133,77
9344,34664.9904,116151.9549,90
9345,34438.6062,118225.3537,93
9346,36449.9499,119188.1659,76
9347,36305.2284,119242.8894,10
9348,36422.1719,119144.275,77
9349,35552.7522,116189.185,44
9350,35252.739,118879.5435,54
9351,35373.8483,117989.2367,51
9352,33837.5178,116443.3455,68
9353,35398.0161,119290.9441,50
9354,33985.293,117361.1556,52
9355,34439.7173,118314.8011,86
9356,35479.957,118212.5763,15
9357,34459.4321,120358.2119,46
9358,33199.2068,116598.6298,67
9359,35015.2634,115942.7841,24
9360,36451.8981,116503.6595,43
9361,35483.8485,117635.3383,59
9362,35601.9026,119508.4523,22
9363,36427.4496,119117.0517,85
9364,35351.3566,119987.0806,77
9365,35701.344,117498.9485,77
9366,35548.8482,117451.4446,47
9367,35741.6353,116222.2438,20
9368,33878.0735,114795.2436,18
9369,35127.7437,118413.9726,36
9370,34673.0416,118131.7393,66
9371,34754.4255,120611.0036,81
9372,36417.7281,119253.4462,65
9373,33598.3598,116418.3462,67
9374,34343.3328,117982.2887,55
9375,33167.815,115342.7588,14
9376,35312.4597,118409.806,10
9377,33848.3517,117253.9277,64
9378,35585.5298,116124.7392,44
9379,35310.7938,119054.27,96
9380,35197.4627,118537.8662,24
9381,33808.3509,118234.7928,72
9382,35004.4129,118949.5461,71
9383,35468.5827,120379.0464,88
9384,35704.1199,118834.259,34
9385,36052.4513,118937.0424,22
9386,36114.6739,119045.658,28
9387,35703.0096,119169.2725,52
9388,41061.8276,121633.8764,52
9389,41121.2775,121144.1396,19
9390,41271.2706,121894.1646,27
9391,41095.7214,121183.0294,43
9392,33232.8128,117393.6503,14
9393,34030.5656,118463.4129,40
9394,33440.0269,118499.2459,12
9395,34429.4422,119753.4715,63
9396,34190.8379,119241.4984,95
9397,34438.0532,119740.6933,62
9398,37426.6066,122041.0725,55
9399,37811.8721,122294.9696,69
9400,38091.0301,121687.7321,58
9401,38116.0293,121681.3434,96
9402,38519.0734,121520.5112,61
9403,38201.3051,121513.2861,21
9404,38639.9099,122874.4391,49
9405,37795.7602,121863.5675,54
9406,33675.8541,117759.7756,21
9407,33787.7948,117809.4995,76
9408,34344.4414,119418.1732,60
9409,34866.9238,120522.6672,84
9410,34050.0078,118953.7079,19
9411,41591.785,124095.3536,41
9412,34508.0466,119291.5028,79
9413,34846.3657,119149.5526,11
9414,34828.8664,119042.8815,10
9415,34817.4781,118996.4906,43
9416,38424.9095,121473.2871,38
9417,38345.7447,121639.6786,66
9418,37040.2237,120153.5014,63
9419,37386.3287,121860.5104,90
9420,37432.4391,120097.9551,25
9421,40599.8541,124124.7748,78
9422,39361.2854,120860.7772,100
9423,38399.0786,120527.426,50
9424,34648.5974,118377.0245,36
9425,35179.9752,120731.8418,42
9426,34048.3474,117230.8736,16
9427,32741.7198,116911.4137,57
9428,34992.4765,117541.7235,93
9429,35470.2601,115544.9975,66
9430,34234.4487,118878.7076,12
9431,33144.4893,116134.1736,99
9432,35665.7864,118290.3579,36
9433,35119.9664,118374.2489,12
9434,35926.6155,118499.2534,71
9435,39264.8954,123591.1224,13
9436,36146.6081,117975.9131,37
9437,38038.2549,122537.7558,28
9438,37063.2815,119360.9609,64
9439,37884.9248,122076.0744,40
9440,37876.5916,122051.0736,77
9441,33744.4613,118387.0173,30
9442,38183.8069,122591.3723,10
9443,38344.9117,121535.2322,36
9444,38425.4649,121552.4556,51
9445,37726.0425,122449.416,80
9446,37709.3764,122438.5829,58
9447,34080.8401,118687.0309,53
9448,34107.5066,118629.2522,82
9449,36977.9897,118253.4321,28
9450,41193.78,120945.245,18
9451,37365.4982,119726.2667,47
9452,40218.2077,122666.6776,65
9453,39469.6185,120843.279,11
9454,40217.3857,121174.1296,33
9455,39206.5652,120811.3268,60
9456,41278.2083,122302.2325,100
9457,36631.3367,119013.1624,31
9458,36903.0027,119123.1713,41
9459,39183.7784,122704.4335,28
9460,41257.66,121821.1073,72
9461,37324.6665,119566.2539,75
9462,40640.7071,122232.5031,53
9463,37819.099,118476.5094,75
9464,37800.2103,118529.0107,21
9465,41020.7132,121911.107,99
9466,41595.425,122405.0183,11
9467,39257.1225,120711.046,29
9468,39291.5592,121194.6789,16
9469,39473.2217,121269.1283,73
9470,37812.7044,120064.3518,20
9471,40809.0268,123474.2085,69
9472,40081.2707,121551.0858,33
9473,41309.5885,122801.4177,85
9474,39666.2911,120439.6558,27
9475,40025.7157,121723.0353,27
9476,41818.7674,121543.6047,82
9477,39226.8512,120081.8587,94
9478,39699.8884,121178.2927,89
9479,40919.0499,121547.7609,28
9480,41912.0973,121642.7731,50
9481,41709.2899,123450.3347,80
9482,37262.1687,119700.9834,31
9483,37820.7594,120027.6843,75
9484,39322.6797,120570.2089,14
9485,41111.5507,121564.7087,96
9486,41211.5526,121374.4266,18
9487,38004.0892,120108.2411,74
9488,41357.9283,122383.3479,15
9489,40944.3161,122424.7355,48
9490,40491.5307,123606.9814,42
9491,39371.5577,121206.0694,85
9492,39588.4903,122712.7735,36
9493,38114.3652,120454.9209,30
9494,40877.3825,121560.2611,80
9495,36738.281,119120.9469,92
9496,39206.009,120837.7169,82
9497,37674.6514,119784.0609,27
9498,39363.2178,122950.5548,91
9499,41004.6076,121438.3139,42
9500,37938.2565,120022.4059,89
9501,37478.5497,119640.4311,83
9502,41737.39,120514.6789,93
9503,39882.1053,121672.7541,22
9504,37698.2612,119755.1719,37
9505,38892.4002,120861.3252,69
9506,40998.4942,121631.653,73
9507,39306.0036,121161.3445,22
9508,39394.0657,120741.6059,29
9509,41061.2737,121490.2611,33
9510,39180.731,120855.7726,58
9511,41634.8722,122191.4006,60
9512,41550.6937,122905.589,55
9513,38896.5664,120912.7166,63
9514,41900.9976,120640.517,100
9515,37838.2608,120232.6894,10
9516,41334.8819,121697.7726,73
9517,41782.9093,123060.3186,51
9518,37678.5423,118403.7274,65
9519,37811.0368,119947.4039,30
9520,41997.9317,121519.4366,81
9521,40773.4757,123128.365,24
9522,40863.7673,121908.6069,61
9523,41792.6137,124072.0219,23
9524,39162.3904,122612.2081,69
9525,41312.9308,122276.9544,39
9526,40617.3635,123452.5362,96
9527,40727.6534,122079.1666,51
9528,40112.3821,121467.1946,18
9529,37812.4299,119054.3117,33
9530,36806.8763,118117.3143,24
9531,38798.7907,120820.7685,97
9532,38702.6857,120072.6855,98
9533,38774.6298,120296.8596,21
9534,38120.4762,120496.3115,92
9535,39682.1146,120984.1206,78
9536,41872.9298,121724.164,52
9537,39358.5058,120941.6143,55
9538,41642.6708,120216.8926,17
9539,41378.2159,121562.2136,67
9540,40977.9272,122430.8472,95
9541,41642.0965,122001.9504,66
9542,37957.4254,119121.8156,44
9543,41230.4507,120504.1193,45
9544,41711.8121,122391.4075,16
9545,40894.3324,121177.4706,98
9546,40038.4932,121616.0874,79
9547,40147.6627,121244.6869,75
9548,41207.9441,121155.2523,88
9549,40452.3655,123509.756,66
9550,40762.3562,123869.2205,73
9551,37013.8387,119569.0265,36
9552,37882.1454,119855.7341,27
9553,41265.7295,120083.8292,45
9554,36692.4476,119052.3321,32
9555,37887.4283,118959.3089,40
9556,37828.5428,118430.953,25
9557,40841.5447,121923.6074,16
9558,39419.0631,120850.7781,13
9559,41259.8757,122275.5645,28
9560,41787.0939,122004.1737,51
9561,41573.4703,122951.7015,15
9562,39196.2779,122715.8229,39
9563,39252.6714,121103.2853,10
9564,39372.6713,120987.1723,95
9565,40675.1608,121430.8105,83
9566,41301.5154,123541.1704,32
9567,39428.7856,120834.9443,35
9568,41580.4153,122921.4229,49
9569,40467.9229,123168.6374,60
9570,41048.4975,121334.4226,27
9571,40359.5937,122894.741,21
9572,40923.7629,122243.6168,88
9573,39219.6106,122637.4877,39
9574,40117.104,121665.2567,43
9575,41199.3273,121688.8808,61
9576,39322.1089,123113.059,20
9577,37037.4497,119514.0236,82
9578,40208.775,121156.6291,70
9579,39936.8363,120947.1764,83
9580,38178.8082,120381.5861,60
9581,39216.5633,120899.3866,73
9582,39494.8877,121320.7966,68
9583,40189.6036,121693.036,22
9584,41411.5522,121294.9822,92
9585,37377.9886,118676.786,19
9586,41246.8204,122261.1193,91
9587,38209.3626,120464.0899,74
9588,41325.7151,121723.0508,19
9589,40344.8719,122858.0733,33
9590,40005.9971,121249.1316,63
9591,38277.4169,120310.4735,37
9592,39875.4435,121174.683,13
9593,37710.486,120197.9658,39
9594,37744.651,120129.9092,60
9595,41994.859,122623.3613,62
9596,41910.1394,122555.8584,38
9597,38647.6828,120685.7641,82
9598,39316.5525,122921.3865,57
9599,41340.9847,122348.0686,44
9600,38090.1992,120473.5322,32
9601,38981.844,120789.0983,10
9602,38364.3574,122561.0942,56
9603,40914.0456,121908.6069,60
9604,39517.3889,121191.6264,54
9605,39411.2849,120868.001,31
9606,38039.6452,120377.972,70
9607,39029.3428,120861.6029,35
9608,40240.4367,121691.0921,82
9609,37367.1649,119631.8155,36
9610,37182.7079,118260.1009,82
9611,33442.8094,116865.0235,82
9612,32818.1081,116780.8555,13
9613,35729.1182,118549.5319,33
9614,34754.4264,118289.5212,95
9615,34579.9906,117969.2345,22
9616,33555.028,116673.6299,33
9617,34210.8413,117083.3709,76
9618,33068.9332,116546.1292,89
9619,34371.6651,118932.8768,65
9620,33820.2946,117638.6618,87
9621,34378.8889,117690.0572,49
9622,36270.241,121807.4545,73
9623,34239.7297,116946.4228,89
9624,34406.6636,118756.7586,90
9625,34488.8822,118622.8656,12
9626,34722.2049,118798.4262,83
9627,33540.8618,116743.9092,56
9628,36044.9439,117947.2993,49
9629,34689.7069,118288.6882,82
9630,34216.3964,117401.4365,55
9631,34237.229,117415.6038,79
9632,34298.6169,116821.6958,47
9633,32644.2247,116781.4093,50
9634,36088.5539,117961.1894,18
9635,35347.4591,118871.7638,71
9636,35203.8641,120612.9476,60
9637,34126.1209,117523.6622,33
9638,34268.0621,116942.5342,72
9639,32977.8251,116777.2459,99
9640,34471.6558,120214.8716,16
9641,35728.8416,118703.6997,65
9642,35932.4626,121468.8246,24
9643,34796.0902,118852.5956,94
9644,34264.7247,118523.1415,89
9645,34621.6542,118413.9702,58
9646,34544.9913,118109.5167,93
9647,35489.6946,120647.9467,61
9648,34444.1629,117935.3438,82
9649,34437.4958,119842.0834,70
9650,34841.6435,118864.8189,66
9651,34667.763,120114.87,56
9652,34443.889,116967.8136,16
9653,34187.2306,117439.2153,18
9654,33690.021,117339.2065,92
9655,34406.6635,118933.4325,38
9656,32725.6098,116869.4679,97
9657,33385.0338,116789.1887,14
9658,36281.8827,118006.4718,64
9659,33927.7931,116817.5189,10
9660,33322.8128,116878.6359,30
9661,33851.6829,117550.6042,29
9662,35639.6755,118617.5879,28
9663,34426.1089,117572.275,97
9664,33288.0908,116958.3606,30
9665,34741.0929,118709.5341,33
9666,34754.4256,119066.7709,10
9667,34243.3411,116828.9178,14
9668,36036.6107,117960.3551,20
9669,34831.3672,119469.8444,30
9670,35970.8004,121176.0322,31
9671,38694.0728,119833.7895,31
9672,38170.1984,119197.3749,91
9673,34067.513,117104.2014,86
9674,34475.5498,119884.8625,55
9675,41233.7841,120467.4514,96
9676,37361.041,118480.9476,32
9677,37547.7132,119644.6015,75
9678,32873.3837,116636.4086,40
9679,39756.573,120083.2574,20
9680,39812.3836,121625.8073,89
9681,37244.9449,119201.2326,17
9682,37190.7809,119618.7542,46
9683,39399.6056,122950.5555,88
9684,41146.279,121038.5806,96
9685,41234.8957,120298.279,74
9686,41239.8957,120280.5007,57
9687,41214.8912,120931.6338,62
9688,41236.5611,120559.3991,59
9689,41239.8947,120532.4537,32
9690,39830.1612,121596.0844,52
9691,34507.4925,118452.0273,26
9692,41355.1714,120537.1768,68
9693,41263.2278,120529.1205,16
9694,41299.0606,120560.5106,60
9695,41282.1168,120508.2865,50
9696,41760.144,122439.4648,40
9697,40802.3725,122310.285,60
9698,40814.3172,122291.951,13
9699,34197.7859,117332.5451,20
9700,40816.5343,122766.6894,38
9701,40846.2557,122829.7471,61
9702,37962.9804,120449.9183,31
9703,37765.2065,122241.6355,26
9704,41487.1146,120542.4555,21
9705,40448.208,122297.7815,76
9706,40866.5166,124082.8396,16
9707,38049.365,122158.5777,93
9708,37164.9307,118289.546,94
9709,39412.3876,121712.7513,18
9710,37909.3702,122686.3733,85
9711,37464.9385,119886.5571,29
9712,37126.0578,122122.1869,75
9713,37931.868,121695.7863,14
9714,37323.2752,121931.6233,18
9715,40882.3811,121660.8205,28
9716,38578.7966,122579.7054,37
9717,37287.1651,121949.9568,72
9718,38617.127,121328.2843,36
9719,36542.7271,119833.1965,25
9720,36765.7904,121758.005,16
9721,40306.2736,121231.9098,65
9722,37941.0341,121935.7925,17
9723,38805.4624,123017.2227,56
9724,38036.3119,120401.3061,86
9725,39927.6572,122179.1556,23
9726,41755.9481,124201.7474,92
9727,37322.9978,122032.1823,80
9728,37821.5929,121999.9606,37
9729,38544.9065,121740.5167,29
9730,38694.6259,120814.9355,32
9731,41967.3696,121918.06,28
9732,41208.2089,122271.9529,99
9733,39646.2733,121799.9767,100
9734,36650.2271,119790.6977,47
9735,36824.3999,121740.5047,85
9736,38692.1258,122017.1925,67
9737,41456.8065,122894.7551,95
9738,38644.6264,121272.1718,97
9739,37051.3374,122073.2973,33
9740,40576.2406,124263.9442,81
9741,36858.8376,120456.0072,51
9742,38496.0187,121408.8416,26
9743,38677.9591,121176.0583,75
9744,38678.773,121351.144,18
9745,39020.1768,120817.9891,35
9746,41607.6387,122840.3099,91
9747,40598.1867,124157.2756,57
9748,38254.6373,121299.9485,30
9749,37005.7816,121568.2751,73
9750,38364.0795,122524.1487,65
9751,39363.7773,121693.5833,93
9752,38501.8575,122996.1102,50
9753,37463.5519,122428.5862,53
9754,40554.3106,123183.0839,45
9755,38610.4658,122869.1609,59
9756,38161.8614,121611.6206,79
9757,38977.9531,122839.4375,53
9758,36513.8398,119554.0175,49
9759,41526.5092,124038.4069,15
9760,37885.7582,122118.0201,72
9761,39042.9506,122915.8293,83
9762,37228.554,120248.2336,74
9763,40707.3681,122807.5227,71
9764,38891.565,121293.0079,75
9765,38021.3118,121083.8313,51
9766,39275.7232,121659.9701,83
9767,37681.8745,121768.0088,57
9768,38163.5297,121149.9447,45
9769,39311.8348,121417.7419,72
9770,36606.0444,118062.8654,67
9771,38821.2889,121193.0041,31
9772,37058.2786,120849.9151,22
9773,40021.2684,122100.2666,70
9774,38910.4546,122610.2614,15
9775,39676.2936,120241.0385,73
9776,39090.1709,122796.3806,96
9777,36961.3356,120060.7176,22
9778,38019.3657,122134.1321,58
9779,41255.7119,122139.4487,91
9780,41728.1985,122527.8007,52
9781,37542.1617,122516.0892,74
9782,41309.8746,122310.5666,30
9783,38297.1367,122285.5293,97
9784,37529.6593,122040.2399,26
9785,37313.8267,121020.7614,11
9786,37766.5947,120847.1545,42
9787,37327.9997,119649.3154,35
9788,37804.3722,122270.8026,37
9789,37997.4219,121712.4536,10
9790,38407.4146,122948.3307,45
9791,36624.394,119313.7301,48
9792,39513.7752,121556.359,25
9793,39435.4432,121538.0243,27
9794,39759.6061,121621.9177,54
9795,37471.6001,121129.656,53
9796,38729.6252,120798.546,54
9797,37662.4312,121874.6789,19
9798,38481.8531,120844.659,62
9799,36775.7907,121669.6689,79
9800,40178.4886,122235.8302,82
9801,40120.1443,123823.3635,78
9802,37485.2152,122236.3548,52
9803,38155.7502,121691.3439,43
9804,38790.7339,121235.7828,82
9805,36677.7372,121655.5013,25
9806,38196.0298,120680.4872,22
9807,37974.6458,122561.6448,94
9808,37507.1591,122260.5222,22
9809,36606.6162,120189.0447,74
9810,37084.9464,121610.2216,58
9811,36708.006,119555.9652,87
9812,37859.0938,122485.2507,56
9813,37051.0595,122014.6841,63
9814,37347.7174,120609.084,100
9815,37122.9997,120260.1754,83
9816,39214.3343,122009.4175,35
9817,39792.9324,123248.0687,14
9818,36986.0582,120626.5722,79
9819,40802.0712,124163.6729,10
9820,36747.7272,119772.3661,98
9821,37668.8205,122080.7964,63
9822,38130.1968,121272.4473,60
9823,37639.0972,120996.8782,37
9824,38107.4199,122569.7032,24
9825,40499.3013,124106.4369,63
9826,37741.595,121124.3828,62
9827,38291.859,122458.0356,46
9828,37654.656,122407.7498,74
9829,40416.2842,120653.0063,24
9830,38392.9675,120802.4357,68
9831,37739.6513,121425.2227,24
9832,37494.6568,120846.5941,13
9833,38008.5326,122096.0753,22
9834,40730.9778,122941.9708,19
9835,41422.6498,122386.1269,73
9836,39009.8947,121423.0133,51
9837,39154.6137,122149.4187,44
9838,38411.8551,121272.1709,80
9839,38524.9065,121970.8017,99
9840,38154.0849,121301.337,21
9841,38678.5157,121773.2971,65
9842,38401.5781,122360.8105,76
9843,41735.4187,122634.4708,69
9844,34189.7275,118131.1819,80
9845,33835.2932,117914.5036,86
9846,34139.7292,118035.3449,17
9847,36315.7833,119708.4642,48
9848,34133.6186,117907.5627,61
9849,35373.2921,119018.7125,64
9850,34085.2868,117960.8978,34
9851,34898.5937,117022.818,21
9852,33881.6819,118117.0117,55
9853,34073.6204,118400.3563,70
9854,34243.8964,116911.4215,68
9855,34999.4202,117649.7822,53
9856,33867.5143,117998.1181,65
9857,35400.517,119469.5619,49
9858,33917.5154,116787.2399,95
9859,32678.9476,115498.8834,35
9860,33125.5957,115514.1538,52
9861,34216.3937,119037.6023,37
9862,34096.6764,117719.7785,41
9863,33680.3003,116173.894,59
9864,36139.678,120360.1496,87
9865,33895.8492,118220.0712,53
9866,36098.007,119560.4015,41
9867,33875.2935,117566.4384,56
9868,34090.0091,117890.3397,92
9869,33940.0143,118132.5688,18
9870,35884.1206,119272.3328,17
9871,32794.7731,116962.5269,100
9872,34235.783,119163.83,19
9873,33668.0772,117327.2615,67
9874,33036.9867,117291.9818,87
9875,36296.0613,119142.0517,37
9876,33376.4196,117251.1466,15
9877,34399.1639,118918.154,85
9878,34092.2335,117435.048,24
9879,35383.2927,119109.8266,41
9880,34971.644,120571.8363,92
9881,33831.4045,118072.8424,59
9882,33916.4032,118352.5748,79
9883,33747.5203,116971.9684,21
9884,33862.2367,118399.5194,60
9885,34426.3886,117300.8784,61
9886,34015.8479,117333.3772,22
9887,33743.0759,117109.1967,25
9888,36202.7308,120102.9177,36
9889,32847.5529,115569.4391,95
9890,33720.5771,116215.5619,91
9891,34106.9527,117935.3413,49
9892,36387.1725,119217.8889,80
9893,34134.728,116313.0661,48
9894,33078.6552,116601.9637,58
9895,36008.2865,119961.7998,54
9896,36212.7439,121126.0287,64
9897,33931.9578,117946.1734,29
9898,33917.2357,118012.0086,94
9899,33846.404,118046.7306,46
9900,34248.3396,117189.2078,70
9901,35618.0087,118473.141,90
9902,33838.6295,117118.0873,22
9903,34698.0406,118136.7393,16
9904,33887.237,118352.5744,50
9905,33938.0695,118352.5752,19
9906,36203.0064,119088.16,71
9907,36476.0619,119443.1785,80
9908,33766.9623,118189.2348,25
9909,35058.858,119400.9509,62
9910,35678.0104,119229.2748,71
9911,33571.692,116077.2244,21
9912,34285.558,118882.0414,75
9913,34046.955,116580.8472,98
9914,34154.1763,117344.2118,99
9915,34848.0597,114614.1315,70
9916,33240.0366,115518.8756,99
9917,35042.7547,120475.9986,57
9918,35098.8648,120612.393,60
9919,33195.8696,117379.4834,51
9920,35419.6799,119019.5452,44
9921,34063.3443,117650.8876,29
9922,34197.5048,119177.0516,57
9923,33722.2445,116374.4556,76
9924,33830.2961,116545.2921,27
9925,34579.4343,118116.4613,11
9926,33800.5714,118390.0737,12
9927,33782.5194,117228.6478,55
9928,33983.0688,118096.735,83
9929,32821.4402,116529.1841,52
9930,34415.2743,118793.9824,75
9931,35142.7533,120641.2827,10
9932,35968.5649,119291.7785,63
9933,34147.7829,119195.1074,79
9934,33410.3083,117147.8096,26
9935,33041.7111,116868.082,47
9936,33849.1816,118388.4078,65
9937,35622.4561,117670.8966,28
9938,35383.5708,119145.3834,87
9939,34106.6756,117806.7257,35
9940,34281.9461,118438.9719,18
9941,33783.9084,116958.635,54
9942,35282.7524,120659.6156,99
9943,34121.397,118106.4585,39
9944,33745.5731,117867.8338,27
9945,34019.4543,118491.1912,100
9946,34354.1659,119059.2705,15
9947,33641.6892,117290.8712,13
9948,33954.737,118212.0161,96
9949,34062.5103,118090.3465,40
9950,36145.507,119060.6587,76
9951,35132.1878,118448.9739,11
9952,33493.6391,117148.3648,89
9953,35962.453,119044.2687,86
9954,36059.3973,119312.0577,32
9955,33835.8492,118340.6288,67
9956,36207.7288,119347.3379,30
9957,33747.7981,116893.3555,61
9958,34536.1067,117291.1565,18
9959,36330.2284,119292.0585,51
9960,34020.2894,117865.3386,85
9961,34068.6208,117938.9526,46
9962,33037.2674,115621.3817,37
9963,33979.1793,118032.844,95
9964,33706.966,117084.4733,89
9965,33882.2392,117357.2651,66
9966,34360.8341,117633.3884,80
9967,33888.6259,117813.1125,48
9968,34033.625,117043.0865,29
9969,33931.1257,117548.661,86
9970,36617.1819,121848.2855,55
9971,36617.7375,121916.6215,91
9972,35121.6424,120621.2821,64
9973,38311.5789,119745.7314,20
9974,38257.417,120419.6445,65
9975,41035.9957,121516.3725,56
9976,38765.1814,120548.2587,10
9977,38073.5326,120172.4103,62
9978,34158.6208,116786.69,38
9979,39135.4565,123635.2913,38
9980,38949.0664,123085.002,92
9981,39440.1623,123356.1216,88
9982,38869.0762,123653.3484,17
9983,39415.1691,123770.8478,73
9984,39076.8434,123463.6206,94
9985,38890.1809,123171.9494,11
9986,38935.4639,123683.6282,35
9987,38986.0087,123058.0566,43
9988,38982.6752,123003.8883,51
9989,38912.4032,123310.8411,81
9990,38926.5674,123055.279,20
9991,39024.0651,123315.841,90
9992,38947.1306,123702.518,93
9993,37961.5895,121723.2868,21
